-- phpMyAdmin SQL Dump
-- version 5.2.1
-- https://www.phpmyadmin.net/
--
-- Host: 127.0.0.1
-- Generation Time: Apr 28, 2025 at 10:26 PM
-- Server version: 10.4.32-MariaDB
-- PHP Version: 8.0.30

SET SQL_MODE = "NO_AUTO_VALUE_ON_ZERO";
START TRANSACTION;
SET time_zone = "+00:00";


/*!40101 SET @OLD_CHARACTER_SET_CLIENT=@@CHARACTER_SET_CLIENT */;
/*!40101 SET @OLD_CHARACTER_SET_RESULTS=@@CHARACTER_SET_RESULTS */;
/*!40101 SET @OLD_COLLATION_CONNECTION=@@COLLATION_CONNECTION */;
/*!40101 SET NAMES utf8mb4 */;

--
-- Database: `albert`
--

DELIMITER $$
--
-- Procedures
--
CREATE DEFINER=`root`@`localhost` PROCEDURE `find_section` (IN `p_department` VARCHAR(500), IN `p_courseID` VARCHAR(100), IN `p_course_name` VARCHAR(500), IN `p_description_includes` VARCHAR(2000), IN `p_professor` VARCHAR(500), IN `p_min_credits` INT, IN `p_max_credits` INT, IN `p_campus_available` VARCHAR(500))   BEGIN
    SELECT
        s.sectionID,
        s.timeID,
        -- department
        d.department_name,
        -- school
        sc.school_name,
        -- professor
        pr.prof_name AS instructor_name,
        pr.prof_email AS instructor_email,
        -- campus
        ca.campus_name,
        CONCAT(ca.country, ', ', ca.zip_code) AS campus_address,
        -- time
        TIME_FORMAT(ct.time_start, '%H:%i:%s') AS time_start,  -- Format time as HH:MM:SS
        TIME_FORMAT(ct.time_end, '%H:%i:%s') AS time_end,      -- Format time as HH:MM:SS
        -- course
        c.courseID,
        c.course_name,
        c.course_description,
        c.credits,
        c.prerequisite,
        s.dates,
        s.section_name
    FROM
        section s
    JOIN courses c ON s.courseID = c.courseID
    JOIN department d ON c.departmentID = d.departmentID
    JOIN school sc ON d.schoolID = sc.schoolID
    JOIN professor pr ON s.professorID = pr.professorID
    JOIN course_campus cc ON c.courseID = cc.courseID
    JOIN campus ca ON cc.campusID = ca.campusID
    JOIN class_time ct ON s.timeID = ct.timeID
    JOIN classroom cl ON s.classroomID = cl.classroomID
    WHERE
        (p_department = '' OR d.department_name = p_department)
        AND (p_courseID = '' OR c.courseID = p_courseID)
        AND (p_course_name = '' OR c.course_name LIKE CONCAT('%', p_course_name, '%'))
        AND (p_description_includes = '' OR c.course_description LIKE CONCAT('%', p_description_includes, '%'))
        AND (p_professor = '' OR pr.prof_name LIKE CONCAT('%', p_professor, '%'))
        AND (p_min_credits = -1 OR c.credits >= p_min_credits)
        AND (p_max_credits = -1 OR c.credits <= p_max_credits)
        AND (p_campus_available = '' OR ca.campus_name = p_campus_available)
    ORDER BY
        s.dates, c.course_name;
END$$

DELIMITER ;

-- --------------------------------------------------------

--
-- Table structure for table `campus`
--

CREATE TABLE `campus` (
  `campusID` int(11) NOT NULL,
  `campus_name` varchar(100) DEFAULT NULL,
  `country` varchar(100) DEFAULT NULL,
  `zip_code` varchar(100) DEFAULT NULL,
  `image_src` varchar(150) DEFAULT NULL,
  `url` varchar(100) DEFAULT NULL
) ENGINE=InnoDB DEFAULT CHARSET=utf8mb4 COLLATE=utf8mb4_general_ci;

--
-- Dumping data for table `campus`
--

INSERT INTO `campus` (`campusID`, `campus_name`, `country`, `zip_code`, `image_src`, `url`) VALUES
(1, 'Brooklyn', 'United States', '11201', '../static/images/tandon.jpg', 'https://engineering.nyu.edu/admissions/location'),
(2, 'Manhattan', 'United States', '10003', '../static/images/manhattan.jpeg', 'https://www.nyu.edu/new-york.html'),
(3, 'Shanghai', 'China', '200124', '../static/images/shanghai.jpg', 'https://www.nyu.edu/shanghai.html'),
(4, 'Abu Dhabi', 'United Arab Emirates', '129188', '../static/images/abu_dhabi.jpg', 'https://www.nyu.edu/abu-dhabi.html'),
(5, 'Accra', 'Ghana', '', '../static/images/accra.png', 'https://www.nyu.edu/accra.html'),
(6, 'Berlin', 'Germany', '10435', '../static/images/berlin.webp', 'https://www.nyu.edu/berlin.html'),
(7, 'Buenos Aires', 'Argentina', 'C1425', '../static/images/buenos_aires.jpg', 'https://www.nyu.edu/buenos-aires.html'),
(8, 'Florence', 'Italy', '50139', '../static/images/florence.jpg', 'https://www.nyu.edu/florence.html'),
(9, 'London', 'United Kingdom', 'WC1B 3RA', '../static/images/london.jpg', 'https://www.nyu.edu/london.html'),
(10, 'Los Angeles', 'United States', '90036', '../static/images/los_angeles.png', 'https://www.nyu.edu/los-angeles.html'),
(11, 'Madrid', 'Spain', '28004', '../static/images/madrid.png', 'https://www.nyu.edu/madrid.html'),
(12, 'Paris', 'France', '75005', '../static/images/paris.png', 'https://www.nyu.edu/paris.html'),
(13, 'Prague', 'Czechia', '120 00', '../static/images/prague.jpg', 'https://www.nyu.edu/prague.html'),
(14, 'Sydney', 'Australia', '2000', '../static/images/sydney.jpg', 'https://www.nyu.edu/sydney.html'),
(15, 'Tel Aviv', 'Israel', '62001', '../static/images/tel_aviv.jpg', 'https://www.nyu.edu/telaviv.html'),
(16, 'Tulsa', 'United States', '74103', '../static/images/tulsa.png', 'https://www.nyu.edu/tulsa.html'),
(17, 'Washington, DC', 'United States', '20005', '../static/images/dc.jpg', 'https://www.nyu.edu/washington-dc.html'),
(18, 'ePoly', 'United States', '', NULL, NULL);

-- --------------------------------------------------------

--
-- Table structure for table `classroom`
--

CREATE TABLE `classroom` (
  `classroomID` int(11) NOT NULL,
  `building` varchar(500) DEFAULT NULL,
  `class_number` varchar(500) DEFAULT NULL
) ENGINE=InnoDB DEFAULT CHARSET=utf8mb4 COLLATE=utf8mb4_general_ci;

--
-- Dumping data for table `classroom`
--

INSERT INTO `classroom` (`classroomID`, `building`, `class_number`) VALUES
(1, '', ''),
(2, '6 MetroTech Center', '215'),
(3, '2 MetroTech Center', '801'),
(4, '6 MetroTech Center', '629A'),
(5, '6 MetroTech Center', '315'),
(6, 'Tandon, Jacobs Academic Bldg', '474'),
(7, '6 MetroTech Center', '227'),
(8, '370 Jay St', '412'),
(9, 'Tandon, Jacobs Academic Bldg', '673'),
(10, '2 MetroTech Center', '817'),
(11, 'Tandon, Jacobs Academic Bldg', '774'),
(12, '6 MetroTech Center', '207'),
(13, '2 MetroTech Center', '825'),
(14, '2 MetroTech Center', '909'),
(15, '5 MetroTech Center', 'LC016'),
(16, '2 MetroTech Center', '800-1'),
(17, '2 MetroTech Center', '845'),
(18, '', ''),
(19, '2 MetroTech Center', '816'),
(20, '2 MetroTech Center', '803'),
(21, 'No', 'Required Room'),
(22, '2 MetroTech Center', '828'),
(23, '6 MetroTech Center', '213'),
(24, 'Tandon, Jacobs Academic Bldg', '773'),
(25, 'Tandon, Jacobs Academic Bldg', '777'),
(26, 'Tandon, Jacobs Academic Bldg', '475'),
(27, '2 MetroTech Center', '830'),
(28, '6 MetroTech Center', '304'),
(29, '6 MetroTech Center', '205'),
(30, '6 MetroTech Center', '302'),
(31, '6 MetroTech Center', '317'),
(32, 'Online', ''),
(33, 'Tandon, Jacobs Academic Bldg', '473'),
(34, '6 MetroTech Center', '339'),
(35, 'Tandon, Jacobs Academic Bldg', '775B'),
(36, '2 MetroTech Center', '911'),
(37, '6 MetroTech Center', '325'),
(38, 'Tandon, Jacobs Academic Bldg', '674'),
(39, '5 MetroTech Center', 'AUD'),
(40, '2 MetroTech Center', '811'),
(41, '6 MetroTech Center', '629B'),
(42, '370 Jay St', '413'),
(43, '370 Jay St', '307'),
(44, '370 Jay St', '310'),
(45, '370 Jay St', '309'),
(46, '370 Jay St', '311'),
(47, '370 Jay St', '308'),
(48, '370 Jay St', '312'),
(49, '370 Jay St', '316B'),
(50, '6 MetroTech Center', '204'),
(51, '6 MetroTech Center', '200'),
(52, '6 MetroTech Center', '300'),
(53, '6 MetroTech Center', '201'),
(54, 'Tandon, Jacobs Academic Bldg', '876'),
(55, 'Tandon, Jacobs Academic Bldg', '878'),
(56, '370 Jay St', '202'),
(57, '6 MetroTech Center', '203'),
(58, '6 MetroTech Center', '202'),
(59, '2 MetroTech Center', '907'),
(60, '6 MetroTech Center', '301'),
(61, '2 MetroTech Center', '820'),
(62, '6 Washington Pl (Meyer Hall)', '121'),
(63, '31 Washington Pl (Silver Ctr)', '401'),
(64, '7 East 12th St', '124 (SB)'),
(65, '194 Mercer St', '203'),
(66, '31 Washington Pl (Silver Ctr)', '408'),
(67, '12 Waverly Pl', 'L120'),
(68, '7 East 12th St', '123 (SB)'),
(69, '31 Washington Pl (Silver Ctr)', '410'),
(70, '7 East 12th St', '129'),
(71, '31 Washington Pl (Silver Ctr)', '501'),
(72, '238 Thompson St (GCASL)', '275'),
(73, '31 Washington Pl (Silver Ctr)', '507'),
(74, '251 Mercer St (Warren Weaver)', '109'),
(75, '60 Fifth Ave', '110'),
(76, '194 Mercer St', '307'),
(77, '238 Thompson St (GCASL)', '288'),
(78, '79 Wash Sq E (Goddard Hall)', 'C04'),
(79, '31 Washington Pl (Silver Ctr)', '405'),
(80, '31 Washington Pl (Silver Ctr)', '407'),
(81, 'Tandon, Jacobs Academic Bldg', '775'),
(82, '251 Mercer St (Warren Weaver)', '201'),
(83, '194 Mercer St', '306A'),
(84, '251 Mercer St (Warren Weaver)', '512'),
(85, '251 Mercer St (Warren Weaver)', '102'),
(86, '251 Mercer St (Warren Weaver)', '517'),
(87, '238 Thompson St (GCASL)', '388'),
(88, '70 Washington Sq S (Bobst)', 'LL139'),
(89, '31 Washington Pl (Silver Ctr)', '514'),
(90, '6 MetroTech Center', '211'),
(91, '60 Washington Sq S (Kimmel)', '803'),
(92, '238 Thompson St (GCASL)', '361'),
(93, '238 Thompson St (GCASL)', '279'),
(94, '79 Wash Sq E (Goddard Hall)', 'C14'),
(95, '194 Mercer St', '304'),
(96, '19 West 4th St', '102'),
(97, '194 Mercer St', '208'),
(98, '31 Washington Pl (Silver Ctr)', '208'),
(99, '31 Washington Pl (Silver Ctr)', '414'),
(100, '70 Washington Sq S (Bobst)', 'LL149'),
(101, '238 Thompson St (GCASL)', '369'),
(102, '238 Thompson St (GCASL)', '375'),
(103, '31 Washington Pl (Silver Ctr)', '509'),
(104, '6 MetroTech Center', '217'),
(105, '2 MetroTech Center', '812'),
(106, '370 Jay St', '407'),
(107, '6 MetroTech Center', '404'),
(108, '325 Gold St', '1F'),
(109, '2 MetroTech Center', '810'),
(110, 'Tandon, Jacobs Academic Bldg', '873'),
(111, '6 MetroTech Center', '214'),
(112, 'Tandon, Jacobs Academic Bldg', '574'),
(113, 'Tandon, Jacobs Academic Bldg', '576'),
(114, 'Tandon, Jacobs Academic Bldg', '577');

-- --------------------------------------------------------

--
-- Table structure for table `class_time`
--

CREATE TABLE `class_time` (
  `timeID` int(11) NOT NULL,
  `time_start` time DEFAULT NULL,
  `time_end` time DEFAULT NULL,
  `monday` tinyint(1) DEFAULT NULL,
  `tuesday` tinyint(1) DEFAULT NULL,
  `wednesday` tinyint(1) DEFAULT NULL,
  `thursday` tinyint(1) DEFAULT NULL,
  `friday` tinyint(1) DEFAULT NULL,
  `saturday` tinyint(1) DEFAULT NULL,
  `sunday` tinyint(1) DEFAULT NULL
) ENGINE=InnoDB DEFAULT CHARSET=utf8mb4 COLLATE=utf8mb4_general_ci;

--
-- Dumping data for table `class_time`
--

INSERT INTO `class_time` (`timeID`, `time_start`, `time_end`, `monday`, `tuesday`, `wednesday`, `thursday`, `friday`, `saturday`, `sunday`) VALUES
(1, '14:00:00', '15:20:00', 0, 0, 0, 0, 1, 0, 0),
(2, '14:00:00', '15:20:00', 0, 0, 0, 1, 0, 0, 0),
(3, '12:00:00', '13:50:00', 1, 0, 0, 0, 0, 0, 0),
(4, '10:00:00', '11:50:00', 0, 1, 0, 1, 0, 0, 0),
(5, '15:30:00', '16:50:00', 1, 0, 1, 0, 0, 0, 0),
(6, '11:00:00', '12:20:00', 0, 1, 0, 1, 0, 0, 0),
(7, '15:30:00', '16:50:00', 0, 1, 0, 1, 0, 0, 0),
(8, '00:00:00', '00:00:00', 0, 0, 0, 0, 0, 0, 0),
(9, '14:00:00', '15:20:00', 1, 0, 1, 0, 0, 0, 0),
(10, '09:30:00', '10:50:00', 1, 0, 1, 0, 0, 0, 0),
(11, '16:00:00', '17:50:00', 1, 0, 1, 0, 0, 0, 0),
(12, '12:30:00', '18:00:00', 1, 0, 0, 0, 0, 0, 0),
(13, '12:30:00', '18:00:00', 0, 1, 0, 0, 0, 0, 0),
(14, '12:30:00', '18:00:00', 0, 0, 1, 0, 0, 0, 0),
(15, '11:00:00', '12:20:00', 1, 0, 1, 0, 0, 0, 0),
(16, '09:30:00', '10:50:00', 0, 1, 0, 1, 0, 0, 0),
(17, '12:30:00', '17:50:00', 1, 0, 0, 0, 0, 0, 0),
(18, '12:30:00', '17:50:00', 0, 1, 0, 0, 0, 0, 0),
(19, '12:30:00', '17:50:00', 0, 0, 1, 0, 0, 0, 0),
(20, '08:00:00', '09:20:00', 1, 0, 1, 0, 0, 0, 0),
(21, '15:30:00', '16:50:00', 0, 0, 0, 1, 0, 0, 0),
(22, '12:30:00', '13:50:00', 0, 0, 1, 0, 0, 0, 0),
(23, '14:00:00', '15:20:00', 0, 0, 1, 0, 0, 0, 0),
(24, '08:00:00', '09:50:00', 1, 0, 1, 0, 0, 0, 0),
(25, '08:00:00', '09:50:00', 0, 1, 0, 1, 0, 0, 0),
(26, '14:00:00', '16:50:00', 0, 0, 0, 1, 0, 0, 0),
(27, '08:00:00', '10:50:00', 0, 0, 1, 0, 0, 0, 0),
(28, '08:00:00', '10:50:00', 0, 0, 0, 0, 1, 0, 0),
(29, '14:00:00', '16:50:00', 0, 0, 0, 0, 1, 0, 0),
(30, '17:00:00', '19:50:00', 0, 0, 1, 0, 0, 0, 0),
(31, '11:00:00', '13:50:00', 0, 0, 0, 0, 1, 0, 0),
(32, '16:00:00', '17:50:00', 0, 1, 0, 1, 0, 0, 0),
(33, '17:00:00', '18:20:00', 1, 0, 1, 0, 0, 0, 0),
(34, '10:00:00', '11:50:00', 0, 0, 0, 0, 1, 0, 0),
(35, '12:00:00', '13:50:00', 1, 0, 1, 0, 0, 0, 0),
(36, '18:30:00', '20:20:00', 1, 0, 1, 0, 0, 0, 0),
(37, '10:00:00', '11:50:00', 1, 0, 1, 0, 0, 0, 0),
(38, '14:00:00', '15:20:00', 0, 1, 0, 1, 0, 0, 0),
(39, '09:30:00', '10:50:00', 0, 0, 0, 0, 1, 0, 0),
(40, '14:00:00', '15:50:00', 1, 0, 1, 0, 0, 0, 0),
(41, '08:00:00', '10:50:00', 0, 1, 0, 0, 0, 0, 0),
(42, '14:00:00', '16:50:00', 0, 1, 0, 0, 0, 0, 0),
(43, '14:00:00', '14:55:00', 0, 0, 0, 1, 0, 0, 0),
(44, '17:00:00', '17:55:00', 1, 0, 0, 0, 0, 0, 0),
(45, '14:00:00', '16:30:00', 0, 0, 0, 0, 1, 0, 0),
(46, '16:00:00', '17:50:00', 0, 0, 0, 1, 0, 0, 0),
(47, '11:00:00', '13:50:00', 1, 0, 0, 0, 0, 0, 0),
(48, '11:00:00', '13:50:00', 0, 0, 0, 1, 0, 0, 0),
(49, '10:00:00', '11:50:00', 0, 0, 0, 1, 0, 0, 0),
(50, '12:30:00', '13:50:00', 1, 0, 1, 0, 0, 0, 0),
(51, '14:00:00', '15:50:00', 0, 1, 0, 1, 0, 0, 0),
(52, '16:00:00', '16:55:00', 0, 1, 0, 0, 0, 0, 0),
(53, '11:00:00', '13:50:00', 0, 0, 1, 0, 0, 0, 0),
(54, '18:00:00', '20:50:00', 0, 0, 1, 0, 0, 0, 0),
(55, '18:00:00', '20:50:00', 1, 0, 0, 0, 0, 0, 0),
(56, '14:00:00', '15:50:00', 0, 1, 0, 0, 0, 0, 0),
(57, '18:00:00', '19:50:00', 0, 0, 0, 1, 0, 0, 0),
(58, '18:00:00', '19:50:00', 0, 1, 0, 1, 0, 0, 0),
(59, '16:00:00', '17:50:00', 0, 0, 1, 0, 0, 0, 0),
(60, '10:00:00', '10:55:00', 0, 0, 0, 0, 1, 0, 0),
(61, '14:00:00', '14:55:00', 0, 0, 0, 0, 1, 0, 0),
(62, '08:00:00', '09:20:00', 0, 1, 0, 1, 0, 0, 0),
(63, '12:00:00', '12:55:00', 0, 0, 0, 0, 1, 0, 0),
(64, '16:00:00', '16:55:00', 0, 0, 0, 0, 1, 0, 0),
(65, '13:00:00', '13:55:00', 0, 0, 0, 0, 1, 0, 0),
(66, '11:00:00', '11:55:00', 0, 0, 0, 0, 1, 0, 0),
(67, '14:00:00', '15:50:00', 1, 0, 0, 0, 0, 0, 0),
(68, '08:00:00', '08:55:00', 0, 0, 0, 0, 1, 0, 0),
(69, '09:00:00', '09:55:00', 0, 0, 0, 0, 1, 0, 0),
(70, '15:00:00', '15:55:00', 0, 0, 0, 0, 1, 0, 0),
(71, '17:00:00', '17:55:00', 0, 0, 0, 0, 1, 0, 0),
(72, '17:00:00', '19:50:00', 0, 1, 0, 0, 0, 0, 0),
(73, '10:00:00', '13:50:00', 0, 0, 0, 0, 1, 0, 0),
(74, '16:00:00', '19:50:00', 0, 1, 0, 0, 0, 0, 0),
(75, '17:00:00', '19:50:00', 0, 0, 0, 0, 1, 0, 0),
(76, '16:00:00', '17:50:00', 1, 0, 0, 0, 0, 0, 0),
(77, '10:00:00', '11:50:00', 0, 1, 0, 0, 0, 0, 0),
(78, '18:30:00', '19:50:00', 1, 0, 1, 0, 0, 0, 0),
(79, '17:00:00', '18:20:00', 0, 1, 0, 1, 0, 0, 0),
(80, '11:00:00', '13:30:00', 0, 1, 0, 0, 0, 0, 0),
(81, '11:00:00', '13:30:00', 0, 0, 0, 1, 0, 0, 0),
(82, '16:00:00', '17:50:00', 0, 1, 0, 0, 0, 0, 0),
(83, '12:00:00', '13:50:00', 0, 1, 0, 0, 0, 0, 0),
(84, '12:00:00', '13:50:00', 0, 0, 1, 0, 0, 0, 0),
(85, '11:00:00', '11:55:00', 0, 0, 1, 0, 0, 0, 0),
(86, '14:00:00', '16:50:00', 1, 0, 0, 0, 0, 0, 0),
(87, '12:00:00', '12:55:00', 0, 1, 0, 0, 0, 0, 0),
(88, '08:00:00', '09:20:00', 0, 1, 0, 0, 0, 0, 0),
(89, '08:00:00', '09:20:00', 0, 0, 0, 1, 0, 0, 0),
(90, '17:00:00', '19:50:00', 1, 0, 0, 0, 0, 0, 0),
(91, '14:00:00', '15:50:00', 0, 0, 0, 1, 0, 0, 0),
(92, '18:00:00', '19:50:00', 1, 0, 1, 0, 0, 0, 0),
(93, '14:00:00', '15:50:00', 0, 0, 1, 0, 0, 0, 0),
(94, '18:00:00', '19:50:00', 1, 0, 0, 0, 0, 0, 0),
(95, '18:00:00', '20:50:00', 0, 0, 0, 1, 0, 0, 0),
(96, '18:00:00', '20:50:00', 0, 1, 0, 0, 0, 0, 0),
(97, '10:00:00', '11:50:00', 0, 0, 1, 0, 0, 0, 0),
(98, '08:00:00', '09:50:00', 0, 0, 0, 0, 1, 0, 0),
(99, '18:00:00', '20:30:00', 1, 0, 0, 0, 0, 0, 0),
(100, '18:00:00', '19:50:00', 0, 1, 0, 0, 0, 0, 0),
(101, '18:00:00', '20:30:00', 0, 0, 1, 0, 0, 0, 0),
(102, '11:00:00', '13:30:00', 0, 0, 0, 0, 1, 0, 0),
(103, '09:00:00', '10:50:00', 1, 0, 0, 0, 0, 0, 0),
(104, '08:00:00', '08:55:00', 1, 0, 0, 0, 0, 0, 0),
(105, '10:00:00', '11:50:00', 1, 0, 0, 0, 0, 0, 0),
(106, '09:00:00', '09:55:00', 1, 0, 0, 0, 0, 0, 0),
(107, '15:00:00', '15:55:00', 1, 0, 0, 0, 0, 0, 0),
(108, '09:00:00', '09:55:00', 0, 1, 0, 0, 0, 0, 0),
(109, '15:00:00', '16:50:00', 0, 1, 0, 0, 0, 0, 0),
(110, '14:00:00', '14:55:00', 0, 1, 0, 0, 0, 0, 0),
(111, '17:00:00', '18:50:00', 0, 1, 0, 0, 0, 0, 0),
(112, '17:00:00', '17:55:00', 0, 1, 0, 0, 0, 0, 0),
(113, '09:00:00', '09:55:00', 0, 0, 1, 0, 0, 0, 0),
(114, '09:00:00', '10:50:00', 0, 0, 0, 1, 0, 0, 0),
(115, '08:00:00', '08:55:00', 0, 0, 0, 1, 0, 0, 0),
(116, '09:00:00', '09:55:00', 0, 0, 0, 1, 0, 0, 0),
(117, '15:00:00', '15:55:00', 0, 0, 0, 1, 0, 0, 0),
(118, '09:00:00', '10:50:00', 0, 0, 0, 0, 1, 0, 0),
(119, '11:00:00', '12:50:00', 0, 0, 0, 0, 1, 0, 0),
(120, '13:00:00', '14:50:00', 0, 0, 0, 0, 1, 0, 0),
(121, '15:00:00', '16:50:00', 0, 0, 0, 0, 1, 0, 0),
(122, '16:00:00', '17:50:00', 0, 0, 0, 0, 1, 0, 0),
(123, '13:00:00', '14:50:00', 1, 0, 0, 0, 0, 0, 0),
(124, '12:00:00', '12:55:00', 1, 0, 0, 0, 0, 0, 0),
(125, '15:00:00', '15:55:00', 0, 1, 0, 0, 0, 0, 0),
(126, '15:00:00', '16:50:00', 1, 0, 0, 0, 0, 0, 0),
(127, '14:00:00', '14:55:00', 1, 0, 0, 0, 0, 0, 0),
(128, '15:00:00', '16:50:00', 0, 0, 0, 1, 0, 0, 0),
(129, '15:00:00', '15:55:00', 0, 0, 1, 0, 0, 0, 0),
(130, '09:00:00', '10:50:00', 0, 1, 0, 0, 0, 0, 0),
(131, '08:00:00', '08:55:00', 0, 1, 0, 0, 0, 0, 0),
(132, '11:00:00', '12:50:00', 0, 0, 1, 0, 0, 0, 0),
(133, '10:00:00', '10:55:00', 0, 0, 1, 0, 0, 0, 0),
(134, '13:00:00', '13:55:00', 1, 0, 0, 0, 0, 0, 0),
(135, '13:00:00', '13:55:00', 0, 0, 1, 0, 0, 0, 0),
(136, '09:30:00', '10:45:00', 1, 0, 1, 0, 0, 0, 0),
(137, '14:00:00', '15:15:00', 0, 0, 0, 0, 1, 0, 0),
(138, '15:30:00', '16:45:00', 0, 0, 0, 0, 1, 0, 0),
(139, '08:00:00', '09:15:00', 0, 0, 0, 1, 0, 0, 0),
(140, '08:00:00', '09:15:00', 0, 0, 0, 0, 1, 0, 0),
(141, '14:00:00', '15:15:00', 0, 1, 0, 1, 0, 0, 0),
(142, '16:55:00', '18:10:00', 0, 0, 0, 0, 1, 0, 0),
(143, '09:30:00', '10:45:00', 0, 0, 0, 0, 1, 0, 0),
(144, '08:00:00', '09:15:00', 0, 1, 0, 1, 0, 0, 0),
(145, '12:30:00', '13:45:00', 0, 0, 0, 0, 1, 0, 0),
(146, '16:55:00', '18:10:00', 0, 1, 0, 1, 0, 0, 0),
(147, '11:00:00', '12:15:00', 0, 0, 0, 0, 1, 0, 0),
(148, '08:00:00', '09:15:00', 1, 0, 1, 0, 0, 0, 0),
(149, '08:00:00', '09:15:00', 0, 1, 0, 0, 0, 0, 0),
(150, '11:00:00', '12:15:00', 1, 0, 1, 0, 0, 0, 0),
(151, '15:30:00', '16:45:00', 1, 0, 1, 0, 0, 0, 0),
(152, '16:55:00', '18:10:00', 0, 0, 0, 1, 0, 0, 0),
(153, '11:00:00', '12:20:00', 0, 0, 0, 0, 1, 0, 0),
(154, '12:30:00', '13:45:00', 0, 1, 0, 1, 0, 0, 0),
(155, '11:00:00', '12:15:00', 0, 1, 0, 1, 0, 0, 0),
(156, '14:00:00', '15:15:00', 1, 0, 1, 0, 0, 0, 0),
(157, '09:30:00', '10:45:00', 0, 1, 0, 1, 0, 0, 0),
(158, '12:30:00', '13:45:00', 1, 0, 1, 0, 0, 0, 0),
(159, '08:00:00', '09:20:00', 0, 0, 0, 0, 1, 0, 0),
(160, '15:30:00', '16:45:00', 0, 1, 0, 1, 0, 0, 0),
(161, '16:55:00', '18:10:00', 1, 0, 1, 0, 0, 0, 0),
(162, '18:20:00', '19:35:00', 1, 0, 1, 0, 0, 0, 0),
(163, '18:20:00', '19:35:00', 0, 0, 0, 1, 0, 0, 0),
(164, '12:30:00', '13:50:00', 0, 0, 0, 0, 1, 0, 0),
(165, '18:20:00', '19:35:00', 0, 0, 0, 0, 1, 0, 0),
(166, '16:55:00', '18:10:00', 1, 0, 0, 0, 0, 0, 0),
(167, '18:20:00', '19:35:00', 1, 0, 0, 0, 0, 0, 0),
(168, '15:30:00', '16:45:00', 0, 0, 1, 0, 0, 0, 0),
(169, '16:55:00', '18:10:00', 0, 0, 1, 0, 0, 0, 0),
(170, '14:00:00', '15:20:00', 0, 1, 0, 0, 0, 0, 0),
(171, '15:30:00', '16:50:00', 0, 1, 0, 0, 0, 0, 0),
(172, '08:00:00', '09:50:00', 0, 1, 0, 0, 0, 0, 0),
(173, '08:00:00', '09:50:00', 0, 0, 0, 1, 0, 0, 0),
(174, '08:00:00', '10:50:00', 0, 0, 0, 1, 0, 0, 0),
(175, '12:00:00', '14:50:00', 0, 0, 0, 0, 1, 0, 0),
(176, '12:00:00', '14:50:00', 0, 1, 0, 0, 0, 0, 0),
(177, '10:00:00', '11:50:00', 0, 0, 1, 0, 1, 0, 0),
(178, '17:00:00', '19:50:00', 0, 0, 0, 1, 0, 0, 0),
(179, '12:00:00', '13:50:00', 0, 0, 0, 0, 1, 0, 0),
(180, '14:00:00', '15:50:00', 0, 0, 0, 0, 1, 0, 0),
(181, '18:30:00', '21:00:00', 0, 1, 0, 0, 0, 0, 0),
(182, '18:30:00', '21:00:00', 1, 0, 0, 0, 0, 0, 0),
(183, '14:00:00', '16:30:00', 0, 0, 0, 1, 0, 0, 0),
(184, '18:30:00', '21:00:00', 0, 0, 0, 1, 0, 0, 0),
(185, '18:30:00', '21:00:00', 0, 0, 1, 0, 0, 0, 0),
(186, '14:00:00', '16:30:00', 0, 0, 1, 0, 0, 0, 0),
(187, '14:00:00', '16:30:00', 0, 1, 0, 0, 0, 0, 0),
(188, '18:00:00', '20:30:00', 0, 1, 0, 0, 0, 0, 0),
(189, '08:00:00', '10:30:00', 0, 1, 0, 0, 0, 0, 0),
(190, '14:00:00', '16:30:00', 1, 0, 0, 0, 0, 0, 0),
(191, '17:00:00', '19:30:00', 0, 0, 1, 0, 0, 0, 0),
(192, '17:00:00', '19:30:00', 0, 0, 0, 0, 1, 0, 0),
(193, '17:00:00', '19:30:00', 0, 0, 0, 1, 0, 0, 0),
(194, '16:00:00', '18:50:00', 1, 0, 0, 0, 0, 0, 0),
(195, '15:00:00', '17:50:00', 0, 0, 0, 0, 1, 0, 0),
(196, '15:00:00', '17:50:00', 0, 0, 1, 0, 0, 0, 0),
(197, '08:00:00', '10:50:00', 1, 0, 0, 0, 0, 0, 0),
(198, '12:00:00', '14:50:00', 1, 0, 0, 0, 0, 0, 0),
(199, '09:30:00', '12:20:00', 0, 1, 0, 0, 0, 0, 0),
(200, '15:00:00', '17:50:00', 1, 0, 0, 0, 0, 0, 0),
(201, '13:00:00', '15:50:00', 1, 0, 0, 0, 0, 0, 0),
(202, '14:00:00', '16:50:00', 0, 0, 1, 0, 0, 0, 0),
(203, '14:00:00', '16:30:00', 0, 0, 0, 0, 0, 1, 0),
(204, '15:00:00', '17:30:00', 0, 0, 0, 0, 0, 1, 0),
(205, '11:00:00', '13:30:00', 0, 0, 1, 0, 0, 0, 0),
(206, '17:00:00', '18:20:00', 1, 0, 0, 0, 0, 0, 0),
(207, '17:00:00', '18:20:00', 0, 0, 1, 0, 0, 0, 0),
(208, '17:00:00', '18:20:00', 0, 0, 0, 1, 0, 0, 0),
(209, '17:00:00', '18:20:00', 0, 1, 0, 0, 0, 0, 0),
(210, '09:30:00', '10:50:00', 0, 0, 0, 1, 0, 0, 0),
(211, '12:30:00', '13:50:00', 1, 0, 0, 0, 0, 0, 0),
(212, '11:00:00', '12:20:00', 0, 0, 0, 1, 0, 0, 0),
(213, '09:30:00', '10:50:00', 0, 1, 0, 0, 0, 0, 0),
(214, '09:30:00', '10:50:00', 0, 0, 1, 0, 0, 0, 0),
(215, '11:00:00', '12:20:00', 0, 1, 0, 0, 0, 0, 0),
(216, '11:00:00', '12:20:00', 0, 0, 1, 0, 0, 0, 0),
(217, '11:00:00', '13:50:00', 0, 0, 0, 0, 0, 1, 0);

-- --------------------------------------------------------

--
-- Table structure for table `courses`
--

CREATE TABLE `courses` (
  `departmentID` varchar(10) DEFAULT NULL,
  `courseID` varchar(20) NOT NULL,
  `course_name` varchar(500) DEFAULT NULL,
  `credits` int(11) DEFAULT NULL,
  `course_description` varchar(2000) DEFAULT NULL,
  `prerequisite` varchar(2000) DEFAULT NULL
) ENGINE=InnoDB DEFAULT CHARSET=utf8mb4 COLLATE=utf8mb4_general_ci;

--
-- Dumping data for table `courses`
--

INSERT INTO `courses` (`departmentID`, `courseID`, `course_name`, `credits`, `course_description`, `prerequisite`) VALUES
('AE', 'AE-UY 4603', 'Compressible Flow', 3, 'This course covers conservation equations for inviscid flows, one-dimensional flows, normal shock waves, one-dimensional flow with friction, one-dimensional flow with heat addition, oblique shock waves and Prandtl-Meyer expansion waves.', 'Prerequisite: ME 3333 and ME 3313'),
('AE', 'AE-UY 4613', 'Aerodynamics', 3, 'The course explores incompressible inviscid flow, rotational and irrotational flow, elementary flows and their superposition, airfoil and wing geometry, aerodynamic forces and moments, thin airfoil theory, camber effects, incompressible laminar and turbulent boundary layer, vortex system, incompressible flow about wings, wing/body configurations, compressible flows past airfoils and wings and high-lift devices.', 'Prerequisite for Brooklyn Students: ME-UY 3313 | Prerequisite for Abu Dhabi Students: ENGR-UH 2212'),
('AE', 'AE-UY 4633', 'Aerospace Propulsion', 3, 'This course looks at operation, performance and design methods for flight-vehicle propulsion, air-breathing engines, ramjets, turbojets, turbofans and their components, elements of solid and liquid rocket-propulsion systems.', 'Prerequisite: AE 4603'),
('AE', 'AE-UY 4653', 'Aircraft Flight Mechanics', 3, 'The course examines development of equations of motion. Topics: Characteristics of aircraft-propulsion systems; Level flight performance of turbojet and propeller-driven aircraft; Un-accelerated climbing flight and aircraft ceiling; Takeoff and landing performance; Longitudinal and lateral static stability; Linearized equations of motion; Longitudinal and lateral modes of motion.', 'Prerequisite: ME 3223'),
('BMS', 'BMS-UY 1001', 'Introduction to Cell and Molecular Biology Laboratory', 1, 'This laboratory accompanies the lecture course BMS-UY 1003 Introduction to Cell and Molecular Biology. This laboratory course is required for BMS and CBE majors taking BMS-UY 1003, but is optional for other majors.', 'Co-requisite: BMS-UY 1003'),
('BMS', 'BMS-UY 1003', 'Introduction to Cell and Molecular Biology', 3, 'The course covers the fundamentals of biology with emphasis on cell and molecular biology. The course material includes introduction to biomolecules and bioenergetics, basic organization and functioning of living cells and general principles of genetics and reproduction.', ''),
('BMS', 'BMS-UY 1032', '| CM-UY 1032 INTRODUCTION TO BIOMOLECULAR SCIENCE', 2, 'This is a one-semester overview course in chemistry, providing examples of important discoveries and important chemical innovators, with a strong emphasis on cutting-edge research. Field opportunities are developed to allow students to contribute to the discipline.', 'Prerequisite: Only first-year students are permitted to enroll in this introductory level course'),
('BMS', 'BMS-UY 2001', 'Introduction to Physiology Laboratory', 1, 'This laboratory accompanies the lecture course BMS-UY 2003 Introduction to Physiology. This laboratory course is required for BMS majors taking BMS-UY 2003, but is optional for other majors.', 'Prerequisite: BMS-UY 1003 or BMS-UY 1004. Co-requisite: BMS-UY 2003'),
('BMS', 'BMS-UY 2003', 'Introduction to Physiology', 3, 'The course covers the fundamentals of animal physiology with emphasis on the mammal. The course will focus on the origin, development, and evolution of the vertebrates and their organ systems, including Nervous and Endocrine systems, Muscles, Cardiovascular, Respiratory, Renal and Digestive systems.', 'Prerequisite: BMS-UY 1003 or instructor’s permission'),
('BMS', 'BMS-UY 2612', 'STEM CELLS AND DEVELOPMENT', 2, 'This course follows the traditional approach to developmental biology. Starting with mechanisms of developmentalnterplay between the environment and development and regeneration across species.', 'Prerequisites: BMS-UY 1004 or BIOL-UA 11 or instructor\'s/advisor\'s permission'),
('BMS', 'BMS-UY 2713', 'BIOSTATISTICS', 3, 'The course will cover both classical and modern computer-intensive statistical methods. Applications to the analysis of laboratory data will include problems commonly encountered in bioinformatics, genomics, molecular biology, systems biology and medicine. Data sets will be analyzed in the context of hypotheses underlying the experiments in which they were generated. No previous background in statistics is required.', 'Prerequisites: MA-UY 1124 and (CS-UY 1133 or CS-UY 1113 or CS-UY 1114) or Instructor\'s/Advisor\'s permission'),
('BMS', 'BMS-UY 3611', 'Advanced Molecular Biology Laboratory', 1, 'This laboratory accompanies the lecture course BMS-UY 3613 Advanced Molecular Biology. It is required for BMS majors.', 'Prerequisites: BMS-UY 1003 and BMS-UY 1001; Co-requisites: BMS-UY 3613'),
('BMS', 'BMS-UY 3613', 'ADVANCED MOLECULAR BIOLOGY', 3, 'This course is focused on the structure and function of genes, including DNA replication, repair and packaging in chromosomes, the regulation of gene expression, transcription and translation. In addition to all major topics in molecular biology, we will discuss the molecular bases of organism development, the function of the immune system, and the biology of stem cells. The course will also focus on key methods in modern molecular biology/genetic engineering and their research and clinical applications, for example, for studying diseases such as cancer.', 'Prerequisites: BMS-UY 1001, BMS-UY 1003 and CM-UY 2213 or instructor\'s/advisor\'s permission'),
('BMS', 'BMS-UY 3711', 'Advanced Cell Biology Laboratory', 1, 'This laboratory accompanies the lecture course BMS-UY 3713 Advanced Cell Biology. It is required for BMS majors.', 'Prerequisites: BMS-UY 3613 and BMS-UY 3611; Co-requisites: BMS-UY 3713'),
('BMS', 'BMS-UY 3713', 'ADVANCED CELL BIOLOGY', 3, 'This course focuses on the cell as the basic structural and functional unit of life. We will cover (i) structure and function of cellular membranes and organelles, including transport of biomolecules and intracellular traffic; (ii) fundamental processes underlying cells growth, movement and communications; (iii) Cell division, growth, death and regulation of these vital biological processes. The role of the latter in diseases such as e.g. cancer will be briefly discussed too.', 'Prerequisites: BMS-UY 3613 and BMS-UY 3611 or instructor\'s/advisor\'s permission'),
('BMS', 'BMS-UY 3812', 'Epigenetics in Health and Disease', 2, 'Epigenetic (“above genetic”) processes shape virtually every facet of biology, from development to tissue homeostasis and disease. Starting with an overview of historical perspectives and definitions of epigenetics, the course will discuss the major types of epigenetic modification of DNA and histones, and the role of epigenetic regulation in normal and disease states. The lectures will include discussions of carcinogenesis, inflammation and neurodegeneration, the effect of early life stress on gene expression, and epigenetic contributions to other chronic conditions, such as asthma, allergies, cardiovascular disease, and eating disorders.', 'Prerequisites: BMS-UY 3613 or instructor\'s/advisor\'s permission'),
('BMS', 'BMS-UY 4111', 'Genetics and Genomics Laboratory', 1, 'This laboratory accompanies the lecture course BMS-UY 3114 Genetics. It is required for BMS majors.', 'Prerequisites: BMS-UY 3713 and BMS-UY 3711; Co-requisites: BMS-UY 4113'),
('BMS', 'BMS-UY 4113', 'Genetics and Genomics', 3, 'This lecture course seeks to build upon foundational concepts in genetics introduced in freshman BMS-UY 1003 and molecular genetics covered in the junior BMS-UY 3613 and BMS 3713 Advanced Molecular and Cell Biology courses respectively, while demonstrating the contemporary application of classical genetics to various fields, including genomics, genetic testing, ancestry, epigenetics, reproductive healthcare, etc. A brief review of the birthing of genetics by Gregor Mendel will be provided, but the main focus of the course will be on new methods and technologies, such as for example, gene sequencing, CRISPR and lentiviral gene therapy, and their application in health care and beyond.', 'Prerequisite: BMS-UY 3613 and BMS-UY 3713 or instructor\'s/advisor\'s permission'),
('BMS', 'BMS-UY 4424', 'Introduction to Tissue Engineering and Biomaterials', 4, 'This course introduces students to principles of tissue engineering (TE) and applications of biomaterials in the field of regenerative medicine. The course begins by covering fundamentals of what constitutes a biological tissue, exploring its cellular and extracellular components. Students will learn the basics of mechanobiology and understand principles of cell-to-material interactions. Students then learn how concepts of engineering and material science can be applied to the fabrication of biomaterials that emulate the functional properties of biological tissues in vitro. This course will cover such important topics as tissue scaffold building, natural polymer modification for bioplastic synthesis and analysis of biomaterials and key principles of their interactions with cells. Students will explore various techniques and tools available for tissue engineering researchers and will be introduced to a survey of methods to assess mechanobiological and other aspects of cell-to-biomaterial interactions; from microscopy and mechanical tests of whole constructs to gene expression analyses and immunochemistry assays. The course introduces students to multiple ways how one can learn if their synthetic material indeed represents a natural equivalent or is useful and truly applicable for patients’ needs. The course is finalized by studying various sterilization methods and TE applications outside of human body, like in vitro disease modeling. As a part of this course students will carry out a literature-based Design Project aimed at finding a novel tissue engineering solution for an existing medical problem.', 'Prerequisites: CM-UY 2211 and CM-UY 2213'),
('BMS', 'BMS-UY 4812', 'TOPICS IN BIOLOGY', 2, 'MOLECULAR VIROLOGY THE HUMAN MICROBIOME Advanced or specialized topics in biology. As arranged.', ''),
('BMS', 'BMS-UY 4813', 'TOPICS IN BIOLOGY', 3, 'MICROBIOLOGY Advanced or specialized topics in biology. As arranged.', ''),
('BMS', 'BMS-UY 4814', 'TOPICS IN BIOLOGY', 4, 'TISSUE ENGINEERING Advanced or specialized topics in biology. As arranged.', ''),
('BMS', 'BMS-UY 4914', 'UNDERGRADUATE RESEARCH IN BIOMOLECULAR SCIENCES', 4, 'The course investigates problems in biomolecular science under faculty supervision. Library research, experimental studies and written reports are required.', 'Prerequisites: CM-UY 4011 and senior status or adviser’s approval,'),
('BMS', 'BMS-UY 4924', 'UNDERGRADUATE RESEARCH IN BIOMOLECULAR SCIENCES', 4, 'The course investigates problems in biomolecular science under faculty supervision. Library research, experimental studies and written reports are required.', 'Prerequisites: CM-UY 4011 and senior status or adviser’s approval'),
('CAM', 'CAM-UY 2014', 'STEM & Theater', 4, 'This course investigates Science, Technology, Engineering, and Mathematics (STEM) as they are portrayed in the theater. Concepts such as scientific creativity and discovery; the relations among science, technology, religion, and the state; the social and ethical interactions between individual scientists and engineers that constitute the practices of science and engineering; and the role of mathematics as the language of science and engineering, will be considered from the points of view of various playwrights. STEM is a springboard to discuss moral or political issues and biographical concerns.', 'Prerequisite(s): Completion of first year writing requirements. Note: Satisfies an HuSS General Education requirement for Poly majors less description for CAM-UY 2014 «'),
('CAM', 'CAM-UY 2204', 'Disability Studies', 4, 'This course dynamically engages students in the world of disability. As a member of a team including a guest consultant with a disability, students will discover that persons interests, abilities, and desires and portray them with digital storytelling. This active learning approach, carefully guided by the instructor, is enhanced with readings, guest lectures, videos and field trips. Students will learn about disability history, assistive technology and universal design. The end-of-semester is celebrated with a formal presentation of the person-centered projects. The aim is to show the individual, making the \"invisible visible.\" Satisfies a HuSS Elective. less description for CAM-UY 2204 «', ''),
('CAM', 'CAM-UY 2304', 'Disability & Theatre', 4, 'Disability and Theatre reveals the desires, hopes and goals of people considered atypical. Through close reading of plays involving disability, you will not only better understand the restrictions placed on those living differently, highlighting the importance of inclusive design, assistive technology, and patience, but also become familiar with acting technique and play construction. Under the guidance of the instructor, you will adopt themes from our plays to write your own scenes and inner monologues. You will learn that a bent body is not a malformed mind; that mental illness can be lived with; that hard of hearing provides membership in a culture.', 'Prerequisites: 1st year writing completed according to students school'),
('CAM', 'CAM-UY 3004', 'Special Topics in Culture, Arts and Media', 4, 'Science, Technology and Literature Art History and Media Studies Through Museums This course discusses selected topics and issues in culture, arts and media at the 3000 level.', 'Prerequisites: One Level 2 CAM cluster HuSS elective and completion of first year writing requirements. Notes: Satisfies a HuSS elective'),
('CAM', 'CAM-UY 4504', 'Advanced Seminar in Culture, Arts and Media', 4, 'Climate Fiction and the City Environment in Literature Invention and Imagination Machines Made of Words Rise of the Graphic Novel Science Fiction Workshop Contemporary SciFi Novels Ethical Issues in Literature The Advanced Seminar is a writing- and research-intensive course that will explore in-depth a topic in Technology, Culture, and Society, requiring practice of both writing and research skills. Topics vary by section; see Albert for detailed topic descriptions.', 'Prerequisite: (EXPOS-UA 1, EXPOS-UA 4, EXPOS-UA 5, EXPOS-UA 9, ASPP-UT 2, WREX-UF 101 or WRCI-UF 102) and one TCS elective course and Junior/Senior standing'),
('CBE', 'CBE-UY 1000', 'CBE Recitation (including BMS, CBE, CM subject areas)', 0, 'CBE-UY 3233 CBE Separations', ''),
('CBE', 'CBE-UY 1002', 'INTRODUCTION TO CHEMICAL & BIOMOLECULAR ENGINEERING', 2, 'This course introduces dynamic modeling of chemical processes, their automated control, and associated hardware including controllers, actuators, and sensors. Dynamic models of chemical processes are developed, and the modeling and optimization of common control strategies including feed-back, feed-forward, and cascaded loops is described, as are processes characterized by multiple inputs and outputs. Process safety topics and strategies for management of process hazards are also covered.', 'Prerequisites: CM-UY 1003 and First-year standing'),
('CBE', 'CBE-UY 2124', 'Analysis of Chemical and Biomolecular Processes', 4, 'This course prepares students to formulate and solve material and energy balances on chemical and biomolecular process systems and lays the foundation for subsequent courses in thermodynamics, unit operations, kinetics and process dynamics, and control. The course introduces the fundamental engineering approach to problem solving: breaking down a process into its components, establishing the relations between known and unknown process variables, assembling the information needed to solve for the unknowns and, finally, obtaining the solution using relevant computational methods.', 'Prerequisites: CM-UY 1003 and MA-UY 1024 (B- or better). less description for CBE-UY 2124 «'),
('CBE', 'CBE-UY 2233', 'CHEMICAL ENGINEERING COMPUTATION', 3, 'The course introduces applications of computer programming and numerical methods of interest to chemical engineers, based on examples taken from across the chemical engineering curriculum. The course covers basic programming logic and design, as well as applications to plotting, curve fitting, statistical analysis, solutions of algebraic and differential equations, and optimization problems.', 'Prerequisites: MA-UY 2034'),
('CBE', 'CBE-UY 3153', 'Chemical and Biomolecular Engineering Thermodynamics', 3, 'The course covers thermodynamics of flow systems. Topics include properties of fluids with advanced equations of state; properties of non-ideal mixtures; activity-coefficient models for non-electrolyte and electrolyte solutions; phase-equilibrium calculations at low and elevated pressures by computer procedures; and chemical reaction equilibria.', 'Prerequisites: MA-UY 2034'),
('CBE', 'CBE-UY 3173', 'Polymeric Materials', 3, 'The course examines processing, structure, properties and applications of polymers as engineering materials, including renewable-resource based biopolymers. Topics include fundamentals of processing-morphology/property correlations in materials, basic concepts of viscoelasticity, fracture behavior, and thermal and electrical properties of engineering polymeric materials.', 'Prerequisite: MA-UY 2034, CM-UY 2213 and CBE-UY 2124'),
('CBE', 'CBE-UY 3223', 'KINETICS AND REACTOR DESIGN', 3, 'This course provides the fundamentals of thermodynamics and kinetics of chemical and biomolecular reactions and the development of skills to analyze and design reactor systems. Topics include homogeneous and heterogeneous reactors of various types, catalyzed and non-catalyzed reactors, and the design of single and cascaded chemical and bio-reactors. Safety information pertinent to reactor design, including runaway reactions and several case studies, is also covered.', 'Prerequisites: CBE-UY 3153, CBE-UY 3313'),
('CBE', 'CBE-UY 3233', 'CBE Separations', 3, 'CBE-UY 1000', ''),
('CBE', 'CBE-UY 3313', 'Transport I', 3, 'The course builds understanding of mass and heat transfer, and introduces engineering aspects of transport. Topics in mass transfer include diffusion-limited reactions with applications in biomolecular systems, transport in porous media, and mass transfer across membranes with applications in chemical and biomolecular systems. Topics in heat transfer include the basic mechanisms of conduction and convection. Topics in engineering aspects of transport include flow in closed conduits, heat-transfer equipment, and examples of simultaneous heat and mass transfer.', 'Prerequisites: MA-UY 2132 or MA-UY 2034'),
('CBE', 'CBE-UY 3323', 'Transport II', 3, 'CBE Recitation (including BMS, CBE, CM subject areas)', ''),
('CBE', 'CBE-UY 3474', 'Introduction to Modern Optics and Photonics', 4, 'This course covers the physics of optics using both classical and semi-classical descriptions. The classical and quantum interactions of light with matter. Diffraction of waves and wave packets by obstacles. Fourier transform optics, holography, Fourier transform spectroscopy. Coherence and quantum aspects of light. Geometrical optics. Matrix optics. Crystal optics. Introduction to electro-optics and nonlinear optics.', 'Prerequisite: PH-UY 2033'),
('CBE', 'CBE-UY 4113', 'Engineering Laboratory I', 3, 'This course introduces the performance of experiments in unit operations, transport processes and unit processes. Students analyze and design experiments to meet stated objectives. Results are presented in written and oral form.', 'Prerequisite: CBE-UY 3233'),
('CBE', 'CBE-UY 4143', 'Process Dynamics and Control', 3, 'This course introduces dynamic modeling of chemical processes, their automated control, and associated hardware including controllers, actuators, and sensors. Dynamic models of chemical processes are developed, and the modeling and optimization of common control strategies including feed-back, feed-forward, and cascaded loops is described, as are processes characterized by multiple inputs and outputs. Process safety topics and strategies for management of process hazards are also covered.', 'Prerequisites: CBE-UY 3223'),
('CBE', 'CBE-UY 4163', 'Chemical and Biomolecular Process Design I', 3, 'This is a capstone course and thus requires usage of all knowledge accrued so far in the chemical engineering curriculum. In this course, students will learn the elements involved in process ideation, scale-up, and large-scale implementation. Students will study usage of process diagrams (PFDs, P&IDs, BFDs, etc.), energy optimization, process safety, capital costs and equipment cost estimates. Coursework will include discussions of current socio-economic and political pressures as well as safety, environmental and ethical considerations involved in design; these aspects are expected to be integrated into student project work. Extensive usage of AspenPlus will be expected in the final design project. The course will employ several team-focused projects to advance these concepts and will culminate in a final design project that will continue in the spring semester.', 'Prerequisites: CBE-UY 3223 and CBE-UY 3233'),
('CBE', 'CBE-UY 4213', 'Engineering Laboratory II', 3, 'This course deals with continued experiments in unit operations, transport processes and process control. Students analyze and design experiments to meet stated objectives. Results are presented in writing and orally.', 'Prerequisites: CBE-UY 4113 and CBE-UY 4143'),
('CBE', 'CBE-UY 4223', 'BIOCHEMICAL ENGINEERING', 3, 'This course covers applications of chemical engineering concepts in biochemical and biological systems. Topics include biochemical & bioprocess engineering; enzyme kinetics; cellular control systems; genetic and protein engineering; metabolism; stoichiometry and metabolic engineering; cell growth kinetics; bioreactor design & operation; heat and mass transfer in biological systems; and biological product purification & characterization.', 'Prerequisites: CBE-UY 3223, CBE-UY 3313, or advisers permission'),
('CBE', 'CBE-UY 4263', 'Chemical and Biomolecular Process Design II', 3, 'This course is a continuation of CBE-UY 4163. Students will continue working in teams on the capstone design project selected towards the end of the fall semester. Students will be expected to regularly meet with the instructor to report on their progress. The design teams will also compile a thorough final engineering report and prepare various presentations. Teams will make extensive use of the AspenPlus suite in creating their processes. The course also includes a series of seminars to be delivered by industry leaders in the areas of process safety, waste mitigation, environmental impact studies, human health considerations, regulatory and enforcement practices, and process engineering.', 'Prerequisites: CBE-UY 4163 and CBE-UY 4143'),
('CE', 'CE-UY 1002', 'Introduction to Civil and Environmental Engineering', 2, 'This course introduces the student to the profession and practice of civil engineering and environmental engineering. Course topics include: the principal subdisciplines of civil and environmental engineering and their relationship to urban and regional infrastructure; professional ethics and the responsibilities of engineers to their profession and to the general public; communication and technical skills required for success in the discipline; and principles of sustainable development. The course includes a weekly 90 minute lecture and a weekly 90 minute laboratory section computer-aided design, geographic information systems, and surveying.', 'Prerequisite: Students from other than the Civil and Urban Engineering department program must obtain permission from the CUE program advisor'),
('CE', 'CE-UY 2112', 'Structural Statics', 2, 'This course covers vector treatment of the static equilibrium of particles and rigid bodies. Topics: equivalent force and couple systems; distributed forces; static analysis of trusses and beams; centroid, center of gravity and moment of inertia.', 'Prerequisites: PH-UY 1013 or equivalent'),
('CE', 'CE-UY 2122', 'Strength of Materials', 2, 'This course covers the mechanical properties of materials; the concepts of stresses and strains; stress-strain relationships; axial load, bending and transverse shear; torsion and stress; and strain transformation.', 'Prerequisites: CE-UY 2112 (C or better) or equivalent'),
('CE', 'CE-UY 2133', 'Engineering Mechanics', 3, 'This course covers the calculation of forces and moments, displacement and rotations, stresses and strains for simple structure subject to axial, shear, bending and torsional forces including basic principles of strain and stress for application design.', 'Prerequisite: PH-UY 1013 (grade of C or higher) and MA-UY 1024 or MA-UY 1324 or equivalent (grade of C or higher)'),
('CE', 'CE-UY 2143', 'ANALYSIS OF DETERMINATE STRUCTURES | Analysis of Determinate Structures', 3, 'This course offers in-depth coverage of the basic concepts of analysis of determinate structures, topics include elastic deflections of trusses, beams and frame structures. Influence lines for statically determinate structures, and behavior of short and tall columns. Stress and strain distribution in composite beams.', 'Prerequisite: CE-UY 2133 with a grade of C or better; or CE-UY 2112 with a grade of C or better. Co-requisite: CE-UY 2122'),
('CE', 'CE-UY 2213', 'Fluid Mechanics and Hydraulics', 3, 'The course examines the basic principles of fluid mechanics with beginning applications to hydraulic design. Topics include fluid properties, fluid statics, elementary fluid dynamics and Bernoulli equation, continuity, energy and momentum equations, and fluid kinematics. Additional topics are laminar and turbulent flow, boundary layer characteristics, drag and lift concepts (flow over immersed bodies), dimensional analysis, and fluid measurements.', 'Prerequisite: CE-UY 2133 or CE-UY 2112 or equivalent'),
('CE', 'CE-UY 2253', 'Environmental Chemistry and Microbiology', 3, 'This course introduces students to the fundamental concepts in environmental chemistry and microbiology, and their applications to environmental engineering issues and processes. Environmental chemistry topics to be covered include redox chemistry; acid‐base chemistry; alkalinity and buffers; and biochemical cycles. Environmental microbiology topics to be covered include microbial diversity, classification, and metabolism kinetics; bioremediation; and biodegradation. Students are also introduced to common chemical and microbial contaminants and pathogens in the environment.', 'Prerequisites: (CM-UY 1001 and CM-UY 1003) or (CM-UY 1011 and CM-UY 1013) or CHEM-UA 125, or equivalent'),
('CE', 'CE-UY 2343', 'Transportation Engineering', 3, 'This course provides an introduction to transportation engineering. The course will cover travel demand forecasting, road user and vehicle characteristics, traffic engineering studies, engineering economic analysis, and highway design. The highway design element will focus on the basic design concepts of horizontal and vertical alignment, superelevation, and cross-section design. The course will also cover flexible pavement design, design of parking facilities, as well as bikeway and walkway design.', 'Prerequisites: CE-UY 1002 or permission of Civil Engineering Program Advisor'),
('CE', 'CE-UY 2513', 'Construction Materials & Methods', 3, 'This course introduces students to traditional and emerging materials and methods employed in building and civil infrastructure projects. The course also addresses safety, regulation, constructability and sustainability from planning through design and construction.', 'Prerequisite(s): CE-UY 1002 or Sophomore Standing'),
('CE', 'CE-UY 2523', 'CONTRACTS & CONSTRUCTION DOCUMENTS | Contracts & Construction Documents', 3, 'This course covers the documents used in design and construction, including design and construction agreements, drawings and specifications, general and special conditions and others used for procurement and construction administration. The course also examines the relationships among the owner, designers, contractors and suppliers. Students have the opportunity to discuss quality, safety and business and professional ethics.', 'Prerequisite: CE-UY 1002 or Sophomore or higher Standing'),
('CE', 'CE-UY 2533', 'CONSTRUCTION PROJECT MANAGEMENT | Construction Project Management', 3, 'This course covers the fundamentals of construction project management. The students will learn to apply the basic principles and practices of construction project management, including planning, estimating, scheduling, quality, safety and leadership over the life of a construction project.', 'Prerequisite: CE-UY 1002 or Sophomore or higher Standing'),
('CE', 'CE-UY 3013', 'Computing in Civil Engineering', 3, 'This course aims to introduce the modern computing methods, tools, and best practices for students in civil and urban engineering. The course uses Python as the programming language for solving a series of fundamental computational problems in civil and urban engineering, such as solving linear equations, data interpolation, curve fitting, root finding, numerical differentiation and integration, probability and statistics, linear programming and optimization. The course also introduces a series of generic computation tools and best practices for the students’ future study and research in computing applications in civil and urban engineering, including how to debug a program, visualize data, manage source codes, collaborative programming project management, etc. It aims at laying a solid foundation for civil and urban engineering students to better understand the modern programming workflow and utilize the computing tools. Students are first introduced with the fundamental concepts through the lecture, and then guided step-by-step via the in-class lab session in each weak. There will be multiple homework assignments and in-class quizzes for the evaluating the students’ performances.', 'Prerequisite: (CS-UY 1113 or CS-UY 1114 or CS-UY 1133) and MA-UY 2034 and MA-UY 2224 or Advisers approval'),
('CE', 'CE-UY 3133', 'Structural Analysis', 3, 'This course offers in-depth coverage of structural analysis techniques. Topics: analysis of statically determinate structures; deflection calculations using energy methods; analysis of statically indeterminate structures using superposition; influence lines; and slope deflection, moment distribution and matrix analysis of structures. Computer applications are included.', 'Prerequisites: MA-UY 2034 and CE-UY 2143 or equivalent'),
('CE', 'CE-UY 3143', 'Steel Design', 3, 'This course examines structural design principles and techniques. Topics: Design of steel tension members, beams and columns; design of beam-columns; and design of bolted and welded connections for steel design. The course includes a group design project', 'Prerequisite: CE-UY 3183 or equivalent'),
('CE', 'CE-UY 3153', '| CE-UY 3154 Geotechnical Engineering', 3, 'This course is an introduction to soil mechanics and foundation engineering. Topics include origin of soils, phase relationships, classification of soils, permeability, effective stress, seepage, consolidation, shear strength, analysis of lateral earth pressure, and soil bearing capacity.', 'Prerequisites: (CE-UY 2133 or CE-UY 2122) and CE-UY 2213 or equivalent'),
('CE', 'CE-UY 3163', 'Materials for the Built Environment', 3, 'This course covers the mechanical behavior and durability of structural materials. Properties of steel, concrete, wood, asphalt and fiber composites are discussed. Material processing, optical metrology and stress analysis laboratories are conducted by students working independently and in groups on material preparation and evaluation topics.', 'Prerequisite: CE-UY 2133 or CE-UY 2122 or equivalent'),
('CE', 'CE-UY 3183', 'STRUCTURAL ENGINEERING | Structural Engineering', 3, 'This course introduces the general principles of loads on buildings. It includes: steel design of tension member, beams, columns and beam column, and concrete design of beams, columns and footings.', 'Prerequisite: CE-UY 2143 or Equivalent and CE-UY 2122'),
('CE', 'CE-UY 3223', '| CE-UY 3323 | CE-UY 4232 Fundamentals of Environmental Engineering', 3, 'This course will introduce students to a range of areas within environmental engineering, and provide tools for analysis of environmental engineering problems. Topics include materials balance, ideal reactor models, environmental chemistry, public health risk assessment, air quality, water quality, drinking water treatment, wastewater treatment, and laboratory analysis of water and wastewater samples and treatment processes. The course includes two, 80-minute lectures per week, and a weekly 170-minute laboratory experience.', 'Prerequisites: (CM-UY 1003 and CM-UY 1001) or (CM-UY 1013 and CM-UY 1011) or CHEM-UA 125; Co-requisite: CE-UY 2213'),
('CE', 'CE-UY 3233', 'Environmental Engineering Process Design', 3, 'This course introduces students to major processes used for the treatment of water, soil, and air. An introduction to the theory behind commonly used physical, chemical and biological treatment processes will be covered, along with practical information regarding their implementation for mitigation of environmental contaminants. Students will learn basic design equations and criteria for unit treatment processes, as well as concepts required for overall process design.', 'Prerequisites: CE-UY 3223 or equivalent; Co-requisite: CE-UY 2253'),
('CE', 'CE-UY 3243', 'Water Resources Engineering', 3, 'This course provides a detailed overview of water resources engineering, including both analysis and design elements. Topics covered: open-channel flow; pipe networks; reservoir balances; hydrologic techniques; surface water and ground-water supplies; water demand; and development of water resources for multiple purposes.', 'Prerequisites: CE-UY 2213 or equivalent'),
('CE', 'CE-UY 3263', 'Air Pollution Generation and Control', 3, 'This course introduces students to the study of air pollution, including measurements, causes and effects on the environment. Topics covered include: gas-phase and particulate pollution from various sources; energy and meteorological characteristics of the atmosphere in relation to the distribution of pollutants; evaluation and design of low emission systems and components; and practical solutions and governmental regulations for the present and future.', 'Prerequisite: CE-UY 3223'),
('CE', 'CE-UY 3273', 'Environmental Data Analysis', 3, 'This course provides an overview of standard and innovative methods for analysis and modeling of environmental data. Topics include various methods for statistical analysis, interpretation, and contextualization of environmental data sets over space and time, with emphasis on characterizing and evaluating uncertainty. This course includes hands-on data collection in the field or laboratory, as well as sourcing historical data from online repositories.', 'Prerequisite: CE-UY 3223 and MA-UY 3224'),
('CE', 'CE-UY 3303', 'Traffic Engineering', 3, 'This course covers the fundamentals of traffic engineering. The characteristics of traffic streams, and how they are quantitatively described are covered. Various types of traffic studies are covered including travel time, speed, delay, and safety studies. Determining the signal timing, capacity and level of service (LOS) of a signalized intersection is discussed and the Highway Capacity Software (HCS) is used to calculate intersection capacity and LOS.', 'Prerequisite: CE-UY 1002 or permission of the Civil Engineering Program Advisor'),
('CE', 'CE-UY 3373', 'Transportation Systems Analytics', 3, 'This course teaches students introductory methods to design transportation systems and informatics to evaluate the behavioral response of travelers. It trains students in fundamental problem solving skills needed to manage cyber-physical transportation networks in a smart cities era. The course is divided into three parts: (1) framework for analyzing urban systems under congestion and queueing, (2) intelligent transportation systems (ITS) to connect traveler decisions to system operations, and (3) constrained optimization methods to design and manage complex urban systems.', 'Prerequisite: (MA-UY 2224 or equivalent) or permission of the Civil Engineering Program Advisor'),
('CE', 'CE-UY 3503', '| CE-UY 3504 Cost Estimating', 3, 'Students learn the classification of work, quantity surveying techniques and basic estimating principles applied to construction projects. Also addressed are contracts; specifications and other construction documents; and the identification and allocation of direct and indirect project costs, overhead and profit. Students are introduced to computer-based estimating techniques and software.', 'Prerequisite: Two CE-UY 25xx course must be completed before enrolling in any CE-UY 35xx or 45xx course; A second CE-UY 25xx course is a co-requisite for a second CE-UY 35xx or CE-UY 45xx course'),
('CE', 'CE-UY 3513', '| CE-UY 3514 Construction Scheduling', 3, 'Students learn to apply the Critical Path Method (CPM) to construction projects, using precedence diagram networks. The course covers sequencing, cost allocation, updating, cash flow, resource constraints and scheduling, manpower leveling and distribution, time-scale networks, lead and lag-time constraints, time-cost tradeoffs, overlap and other specific leading edge scheduling techniques. Students direct an entire project from planning through scheduling and control, both manually and through software.', 'Prerequisite: Two CE-UY 25xx course must be completed before enrolling in any CE-UY 35xx or 45xx course; A second CE-UY 25xx course is a co-requisite for a second CE-UY 35xx or CE-UY 45xx course'),
('CE', 'CE-UY 3533', 'Construction Site Layout & Surveying', 3, 'This course studies the practical applications of surveying and its relationship to site planning and design. The first portion of the course concentrates on land surveying concepts, including mathematics, horizontal and vertical control, and angle measurement. The second portion of the course applies surveying data to site layout using traverses, area computations, property surveys, topography, and construction layout for highway and building applications. This course also includes a field laboratory which introduces students to basic surveying practice, including the use of surveying equipment (wheels, tapes, levels, and theodolites), measurements theory and computation, data accuracy and precision, and the use of the field book to properly record data.', 'Prerequisites: Two CE-UY 25xx course must be completed before enrolling in any CE-UY 35xx or 45xx course; A second CE-UY 25xx course is a co-requisite for a second CE-UY 35xx or CE-UY 45xx course'),
('CE', 'CE-UY 3543', 'Building Information Modeling', 3, 'This course covers the application of building information modeling (BIM) and related technologies in design and construction. Students will learn how to prepare a building information model workflow and use it for planning, estimating, scheduling and coordinating construction projects. Students will also experience how to utilize laser scanning and virtual reality tools and data.', 'Prerequisites: Two CE-UY 25xx course must be completed before enrolling in any CE-UY 35xx or 45xx course; A second CE-UY 25xx course is a co-requisite for a second CE-UY 35xx or CE-UY 45xx course'),
('CE', 'CE-UY 3553', 'Non-Structural Building Systems', 3, 'This course introduces the students to mechanical, electrical and vertical transportation systems for buildings. It examines fundamental aspects of the design, procurement and construction of heating, ventilating and air conditioning (HVAC), supply and sanitary plumbing, fire detection and suppression, high- and low-voltage electrical, security, elevator and escalator and building management systems.', 'Prerequisite: Two CE-UY 25xx course must be completed before enrolling in any CE-UY 35xx or 45xx course; A second CE-UY 25xx course is a co-requisite for a second CE-UY 35xx or CE-UY 45xx course'),
('CE', 'CE-UY 4092', 'Leadership, Business Principles, Policy and Ethics in Civil Engineering', 2, 'This course focuses on the professional practice of civil engineering and the role of the civil engineer in the planning, design, and construction processes. Topics include: professional roles and responsibilities; licensing, registration, and continuing education; engineering ethics; leadership, public policy and business principles; and engineering economics. The course also includes a zero-credit recitation that prepares students for the Fundamentals of Engineering (FE) examination, for which civil engineering students must register prior to graduation.', 'Prerequisite: CE-UY 3223, CE-UY 3243, (CE-UY 3183 or CE-UY 3233) and Senior Status; or permission of the Civil Engineering Program Advisor'),
('CE', 'CE-UY 4183', 'Reinforced Concrete Design', 3, 'This course offers a detailed treatment of reinforced concrete design: material properties, American Concrete Institute (ACI) load factors and design strength; shear and diagonal tension in beams; reinforced concrete columns; two-way slabs; footings; shear walls; and torsion. This course includes a group design project.', 'Prerequisite: CE-UY 3183 or equivalent'),
('CE', 'CE-UY 4193', 'Timber and Masonry Structures', 3, 'The course covers: Properties and classification of structural lumber; design of timber connectors; design and construction of residential and industrial timber buildings; beams, frames, columns and trusses of sawn lumber and glued laminated construction; manufacture and properties of concrete masonry units; properties of mortar and grout; and design and construction of load-bearing, reinforced and unreinforced masonry structural elements. The course includes a group design project.', 'Prerequisite: CE-UY 2143'),
('CE', 'CE-UY 4543', '| CE-UY 4853 Construction Management Capstone', 3, 'This course is the senior capstone experience in construction management which requires students to demonstrate the skills acquired through the undergraduate construction management curriculum. Students work individually or in groups as determined by the instructor and other participating industry advisers. Students are responsible for periodic submissions, as well as interim and final reports, including a final presentation.', 'Prerequisites: CE-UY 2533, one additional CE-UY 25xx course, and one additional CE-UY 25xx, 35xx or 45xx course AND Senior Standing'),
('CE', 'CE-UY 4710', 'Readings in Civil Engr I', 0, 'These readings in subjects related to the civil engineering curriculum are individually guided. Topics arise from a regular course and must extend and transcend material covered in the traditional curriculum. Students need prior approval of the instructor with whom he or she is to work and a topic approved by that instructor before registering for a readings course. Such courses require a written report on the subject of the student’s readings before a grade is given. A student may take this course more than once.', ''),
('CE', 'CE-UY 4803', 'Civil Engineering Capstone', 3, 'This capstone course focuses on civil engineering site planning and design including grading and earthwork, stormwater management, site structures, traffic access and parking, water supply and sewage disposal, erosion control, and construction scheduling and estimating. Students work in groups. Formal progress reports, a final design report, full design drawings, and oral presentation are required.', 'Prerequisite(s): (CE-UY 2343 or CE-UY 3303 (or equivalent)), CE-UY 2533, CE-UY 3153, CE-UY 3183, CE-UY 3243, and Senior Standing'),
('CE', 'CE-UY 4813', 'Structural Engineering Capstone', 3, 'This course is the senior capstone experience in structural engineering that requires students to demonstrate the skills acquired through their undergraduate civil engineering curriculum. Students work individually or in groups as determined by the instructor and other participating industry advisers. Students are responsible for periodic submissions, as well as interim and final final report including a final presentations.', 'Prerequisites: (CE-UY 4183 or equivalent) OR (CE-UY 3143 or equivalent) AND Senior Standing'),
('CE', 'CE-UY 4833', 'Transportation Engineering Capstone', 3, 'This course is the senior capstone experience in transportation engineering that requires students to demonstrate the skills acquired through the undergraduate curriculum. Students work individually or in groups as determined by the instructor and other participating industry advisers. Students are responsible for periodic submissions as well as interim and final reports, including a final presentation.', 'Prerequisites: (CE-UY 3303 or CE-UY 3373) AND Senior Standing'),
('CE', 'CE-UY 4853', '| 3 units', 3, '01/21/2025 - 05/06/2025 Tue 5.00 PM - 7.50 PM', ''),
('CE', 'CE-UY 4863', 'Environmental Engineering Capstone', 3, 'This course is the senior capstone experience in environmental engineering that requires students to demonstrate the skills acquired through their undergraduate civil engineering curriculum. Students work individually or in groups as determined by the instructor and other participating industry advisers. Students are responsible for periodic submissions, as well as interim and final reports, including a final presentation.', 'Prerequisites: CE-UY 3233, CE-UY 3243 and senior standing'),
('CE', 'CE-UY 4911', 'Civil Engineering Internship I: Management', 1, 'This course provides undergraduate students with a foundation for success. The course supports the development of professional and interpersonal skills gained through participation in an internship. The course combines (1) required reading, (2) an online educational module, and (3) an immersive internship in a relevant practice area.', 'Prerequisite: Cumulative GPA >2.5, sophomore standing and permission of CUE department'),
('CE', 'CE-UY 4921', 'Civil Engineering Internship II: Ethics', 1, 'This course provides undergraduate students with a foundation for success. The course supports the development of professional and interpersonal skills gained through participation in an internship. The course combines (1) required reading, (2) an online educational module, and (3) an immersive internship in a relevant practice area.', 'Prerequisite: Cumulative GPA >2.5, sophomore standing and permission of CUE department'),
('CE', 'CE-UY 4931', 'Civil Engineering Internship III: Leadership', 1, 'This course provides undergraduate students with a foundation for success. The course supports the development of professional and interpersonal skills gained through participation in an internship. The course combines (1) required reading, (2) an online educational module, and (3) an immersive internship in a relevant practice area.', 'Prerequisite: Cumulative GPA >2.5, sophomore standing and permission of CUE department'),
('CE', 'CE-UY 4990', 'Fundamentals of Engineering Exam Registration for CUE', 0, 'This is a non-credited course that verifies registration by CUE students in required Fundamentals of Engineering (FE) exam.', 'Prerequisites: Senior Standing or permission of the Civil Engineering Program Advisor'),
('CM', 'CM-UY 1001', 'General Chemistry for Engineers Laboratory', 1, 'This is a one-semester introductory laboratory course in general chemistry. It covers chemical equations, stoichiometry, thermodynamics, gases, atomic and molecular structure, periodic table, chemical bonding, states of matter, chemical equilibrium, organic, inorganic and polymeric materials and electrochemistry. It is a foundation course for most engineering and science majors.', 'Co-requisites: CM-UY 1003'),
('CM', 'CM-UY 1003', 'General Chemistry for Engineers', 3, 'This is a one-semester introductory lecture course in general chemistry. It covers chemical equations, stoichiometry, thermodynamics, gases, atomic and molecular structure, periodic table, chemical bonding, states of matter, chemical equilibrium, organic, inorganic and polymeric materials and electrochemistry. It is a foundation course for most engineering and science majors.', 'Corequisite: EX-UY 1'),
('CM', 'CM-UY 1011', 'General Chemistry Laboratory I', 1, 'First half of a two-semester general chemistry laboratory course, covering chemical equations, stoichiometry, thermochemistry, properties of gases, atomic structure, periodic table, chemical bonding and molecular structure. It is a required course for all Biomolecular Science (BMS) majors and for all pre-med students.', 'Corequisites: CM-UY 1013'),
('CM', 'CM-UY 1013', 'GENERAL CHEMISTRY I', 3, 'First half of a two-semester general chemistry course, covering chemical equations, stoichiometry, thermochemistry, properties of gases, atomic structure, periodic table, chemical bonding and molecular structure. It is a required course for all Biomolecular Science (BMS) majors and for all pre-med students.', 'Corequisite: EX-UY 1'),
('CM', 'CM-UY 1021', 'General Chemistry Laboratory II', 1, 'Second half of a two-semester general chemistry laboratory course, covering thermodynamics, kinetics, atomic and molecular structure, chemical bonding, states of matter, chemical equilibrium, acid-base chemistry, organic chemistry, polymeric materials and electrochemistry. It is a required course for all Biomolecular Science (BMS) majors and for all pre-med students.', 'Prerequisites: CM-UY 1001 or CM-UY 1011; Co-requisites: CM-UY 1023');
INSERT INTO `courses` (`departmentID`, `courseID`, `course_name`, `credits`, `course_description`, `prerequisite`) VALUES
('CM', 'CM-UY 1023', 'General Chemistry II', 3, 'Second half of a two-semester general chemistry course, covering chemical equations, stoichiometry, thermochemistry, properties of gases, atomic structure, periodic table, chemical bonding and molecular structure. It is a required course for all Biomolecular Science (BMS) majors and for all pre-med students.', 'Prerequisite: CM-UY 1013 or CM-UY 1003. Corequisite: EX-UY 1'),
('CM', 'CM-UY 2211', 'ORGANIC CHEMISTRY LABORATORY I', 1, 'This Laboratory course teaches students how to prepare, isolate and purify typical organic compounds. Experiments illustrate basic techniques. Lab fee required.', ''),
('CM', 'CM-UY 2213', 'ORGANIC CHEMISTRY I', 3, 'This course covers chemistry of organic molecules: structure, nomenclature, properties and reactions of carbon compounds with emphasis on aliphatic compounds. It also introduces reaction mechanisms and stereochemistry.', 'Prerequisite: CM-UY 1004 or CM-UY 1024. Co-Requisite: EX-UY 1'),
('CM', 'CM-UY 2221', 'ORGANIC CHEMISTRY LABORATORY II', 1, 'This laboratory stresses complex preparation, purification, characterization and identification of organic compounds by chemical and physical means. It introduces instrumental methods of analysis and identification. Lab fee required.', 'Prerequisite: CM-UY 2211, Co/prerequisite: CM-UY 2223'),
('CM', 'CM-UY 2223', 'ORGANIC CHEMISTRY II', 3, 'This course continues CM-UY 2213 and emphasizes finding the principles of organic chemistry in industrial practice and biochemical mechanisms. It introduces instrumental methods of analysis and identification.', 'Prerequisite: CM-UY 2213. Co-requisite EX-UY 1'),
('CM', 'CM-UY 3314', 'Biochemistry I', 4, 'This course surveys modern biochemistry and emphasizes current areas of research. Also covered are structure-function relationships in proteins; enzymes and their mechanisms of action; bioenergetics principles and energy production; and biochemical theories and techniques.', 'Prerequisites: CM-UY 2213 or CM-UY 2214 or CM-UY 2234 or instructor’s permission'),
('CM', 'CM-UY 3323', 'BIOCHEMISTRY II', 3, 'This course is a continuation of Biochemistry I, focusing on cellular metabolism, including metabolism of proteins/amino acids, lipids and carbohydrates. We will also cover the basic principle of hormone regulation and biochemistry of nutrition.', 'Prerequisites: CM-UY 3314 or instructors/advisors permission'),
('CM', 'CM-UY 3714', '| CM-UY 3714G Physical Chemistry I', 4, 'This course provides a molecular approach to physical chemistry. The course covers quantum mechanics and its applications to atomic and molecular structure and to molecular spectroscopy. An introduction to statistical thermodynamics is also covered.', 'Prerequisites: (CM-UY 1003 or CM-UY 1023) and (MA-UY 1124 or MA-UY 1154) and PH-UY 1013'),
('CM', 'CM-UY 4812', 'SPECIAL TOPICS IN CHEMISTRY', 2, 'ORGANIC SPECTROSCOPY This course covers topics of special interest in Chemistry to promote students exposure to new and emerging technologies that are not covered in the regular program’s course offerings.', 'Prerequisite: Advisors Approval'),
('CP', 'CP-UY 2011', 'Internship for BS I', 1, 'Internship is a supervised, creative experience that provides full-time undergraduate students with the opportunity to enhance and augment classroom learning experiences in their field of study. The experience culminates in written reports, from the student, to the faculty supervisors as well as written reports from the supervisor.', 'Prerequisites: Advisors approval'),
('CP', 'CP-UY 2013', 'UNDERGRADUATE INTERNSHIP I', 3, 'The Undergraduate Internship Experience is a supervised, creative experiential learning opportunity that provides full-time undergraduate students with professional training and hands-on experience. Students gain firsthand work experience, learn how to operate within a professional setting, enhance and augment classroom learning experiences in their field of study and develop the skills and knowledge that will help them in pursuing employment after graduation. The experience culminates in written reports, from the student, to the faculty supervisors as well as written reports from the supervisor. Advisor Approval, Job Offer and Description on Company Letterhead. Affidavit of Employment and Time Sheets.', ''),
('CP', 'CP-UY 2021', 'Internship for BS II', 1, 'Internship is a supervised, creative experience that provides full-time undergraduate students with the opportunity to enhance and augment classroom learning experiences in their field of study. The experience culminates in written reports, from the student, to the faculty supervisors as well as written reports from the supervisor.', 'Prerequisites: Advisors approval and CP-UY 2011'),
('CP', 'CP-UY 2023', 'UNDERGRADUATE INTERNSHIP II', 3, 'The Undergraduate Internship Experience is a supervised, creative experiential learning opportunity that provides full-time undergraduate students with professional training and hands-on experience. Students gain firsthand work experience, learn how to operate within a professional setting, enhance and augment classroom learning experiences in their field of study and develop the skills and knowledge that will help them in pursuing employment after graduation. The experience culminates in written reports, from the student, to the faculty supervisors as well as written reports from the supervisor. Prerequisite: CP-UY 2013, Advisor Approval, Job Offer and Description on Company Letterhead. Affidavit of Employment and Time Sheets.', ''),
('CS', 'CS-UY 1113', 'PROBLEM SOLVING AND PROGRAMMING I', 3, 'This course introduces problem solving and computer programming and is for undergraduate engineering students who do not have prior experience in programming in any language. The course covers fundamentals of computer programming and its underlying principles using the Python programming language. Concepts and methods introduced in the course are illustrated by examples from engineering and other disciplines.', 'Co-requisite: EX-UY 1; Anti-requisite: CS-UY 1114'),
('CS', 'CS-UY 1114', 'INTRO TO PROGRAMMING & PROBLEM SOLVING', 4, 'This course introduces problem solving and computer programming and is for undergraduate Computer Science and Computer Engineering majors who have limited prior experience in programming in any language. The course covers fundamentals of computer programming and its underlying principles using the Python programming language. Concepts and methods introduced in the course are illustrated by examples from various disciplines. ABET competencies: a,b,c, e, f, g, k', 'Corequisite: EX-UY 1; Anti-requisite: CS-UY 1113'),
('CS', 'CS-UY 1121', 'Problem Solving via Programming', 1, 'This course continues to introduce problem solving and computer programming and is for undergraduate engineering students who have some prior experience in programming in any language. The course reviews fundamentals of computer programming as embodied in the Python programming language (variables, expressions, conditional statements, iteration, functions, and basic data types, including strings and lists), introduces object-oriented programming, the dictionary data structure and exception handling. Concepts and methods introduced in the course are illustrated by examples from various disciplines.', 'Prerequisites: CS-UY 1113 (C- or better). Co-requisite: EX-UY 1. Anti-requisite: CS-UY 1114 or CS-UY 1123'),
('CS', 'CS-UY 1122', 'Introduction to Computer Science', 2, 'This is a breadth-first course that introduces computer-science majors to several subdisciplines in the computer-science field. The course is built around the theme that computer science is the study of algorithms and includes much more than programming. The course introduces hardware, virtual machines, software, applications and social issues in computing.', 'Prerequisite: CS-UY 1114 and only first-year Computer Science students are permitted to enroll in this introductory level course'),
('CS', 'CS-UY 1134', '| CS-UY 1134G Data Structures and Algorithms', 4, 'This course covers abstract data types and the implementation and use of standard data structures along with fundamental algorithms and the basics of algorithm analysis. Not open to students who have taken CS-UY 2134.', 'Prerequisite for Brooklyn Students: CS-UY 1114 or CS-UY 1121 (C- or better) | Corequisite for all Students: EX-UY 1'),
('CS', 'CS-UY 2124', 'Object Oriented Programming', 4, 'This intermediate-level programming course teaches object-oriented programming in C++. Topics: Pointers, dynamic memory allocation and recursion. Classes and objects including constructors, destructors, methods (member functions) and data members. Access and the interface to relationships of classes including composition, association and inheritance. Polymorphism through function overloading operators. Inheritance and templates. Use of the standard template library containers and algorithms.', 'Prerequisite: CS-UY 1134 (C- or better); Corequisite: EX-UY 1'),
('CS', 'CS-UY 2163', 'INTRODUCTION TO PROGRAMMING IN C', 3, 'This course covers programming in C. Topics: The syntax, variables, expressions, working environment, printf and scanf. Function calls and returns. Branching and looping. Relational operators. Bit-wise operators. Boolean expressions. Recursion. Pointers. Data structures: Arrays, structs, lists, stacks, trees, queues. String processing. Low level memory management, dynamic memory allocation. The preprocessor. File processing : fprintf, fscanf, fseek, sscanf. Concurrency, fork, pipe, signal.', 'Prerequisites: (CS-UY 1114 or CS-UY 1133) and (ECE or CompE majors) or department permission. For CS majors and CS minors, this course does not count as a CS elective'),
('CS', 'CS-UY 2204', '| ECE-UY 2204 DIGITAL LOGIC AND STATE MACHINE DESIGN', 4, 'This course covers combinational and sequential digital circuits. Topics: Introduction to digital systems. Number systems and binary arithmetic. Switching algebra and logic design. Error detection and correction. Combinational integrated circuits, including adders. Timing hazards. Sequential circuits, flipflops, state diagrams and synchronous machine synthesis. Programmable Logic Devices, PLA, PAL and FPGA. Finite-state machine design. Memory elements. A grade of C or better is required of undergraduate computer-engineering majors.', 'Prerequisite for Brooklyn Students: CS-UY 1114 (C- or better) or CS-UY 1133 (C- or better)'),
('CS', 'CS-UY 2214', 'COMPUTER ARCHITECTURE AND ORGANIZATION', 4, 'This course covers a top-down approach to computer design. Topics: Computer architecture, introduction to assembly language programming and machine language set design. Computer organization, logical modules; CPU, memory and I/O units. Instruction cycles, the datapath and control unit. Hardwiring and microprogramming. The memory subsystem and timing. I/O interface, interrupts, programmed I/O and DMA. Introduction to pipelining and memory hierarchies. Fundamentals of computer networks.', 'Prerequisite for Brooklyn Engineering Students: CS-UY 2204 (C- or better) for computer engineering majors; (CS-UY 2134 or CS-UY 1134) and (CS-UY 2124 or CS-UY 1124) (C- or better) and MA-UY 2314 for computer science majors. Students who are neither computer engineering majors nor computer science majors must take either CS-UY 2204 (C- or better) OR (CS-UY 2134 or CS-UY 1134) and (CS-UY 2124 or CS-UY 1124) (C- or better) and MA-UY 2314.|'),
('CS', 'CS-UY 2413', 'DESIGN & ANALYSIS OF ALGORITHMS', 3, 'This course covers fundamental principles of the design and analysis of algorithms. Topics include asymptotic notation, recurrences, randomized algorithms, sorting and selection, balanced binary search trees, augmented data structures, advanced data structures, algorithms on strings, graph algorithms, geometric algorithms, greedy algorithms, dynamic programming and NP completeness.', 'Prerequisites for Brooklyn Engineering Students: (CS-UY 2134 or CS-UY 1134) and (CS-UY 2124 or CS-UY 1124) (C- or better) and MA-UY 2314; Corequisite: EX-UY 1'),
('CS', 'CS-UY 3083', '| 3 units', 3, '09/03/2024 - 12/12/2024 Tue,Thu 2.00 PM - 3.20 PM', ''),
('CS', 'CS-UY 3113', 'INTRO TO GAME PROGRAMMING', 3, 'A programming intensive introduction to the creation of computer games. Using mostly two-dimensional sprite-based programming, we examine and experiment with animation, physics, artificial intelligence and audio. In addition, the course explores the mathematics of transformations (both 2D and 3D) and the ways they may be represented.', 'Prerequisite: (CS-UY 2134 or CS-UY 1134) and (CS-UY 2124 or CS-UY 1124) (C- or better)'),
('CS', 'CS-UY 3224', '| CS-UY 3224G INTRO TO OPERATING SYSTM', 4, 'This course studies the fundamental concepts and principles of operating systems. Batch, spooling and multiprogramming systems are introduced. The parts of an operating system are described in terms of their functions, structure and implementation. Basic policies for allocating resources are discussed.', 'Prerequisites for Brooklyn Students: CS-UY 2214 AND (CS-UY 2134 or CS-UY 1134) AND (CS-UY 2124 or CS-UY 1124) (C- or better)'),
('CS', 'CS-UY 3224G', '| 4 units', 4, 'Class Times are shown in the Paris, France time zone. Make sure you convert to your local time zone, if needed. 09/02/2024 - 12/05/2024 Tue,Thu 11.55 AM - 1.10 PM', ''),
('CS', 'CS-UY 3233', 'Game Development Studio I', 3, 'This class introduces the principles of 2D and 3D computer game design. Students learn about the range of game types and understand their conceptual building blocks. Students complete a structured sequence of assignments towards the design for a new game.', ''),
('CS', 'CS-UY 3314', 'Design and Implementation of Programming Languages', 4, 'This course covers issues underlying the design of high-level programming languages, along with elements of the compiler technology used to translate those languages into executable code. Topics covered include formal description of language syntax, parsing, memory management, attributes of variables and their binding times, control and data-abstraction mechanisms and object-oriented language features. The focus is on imperative and object-oriented languages, with brief introduction to functional and logic-programming paradigms. Substantial programming projects are required.', 'Prerequisites: CS-UY 2134 (C- or better) or CS-UY 1134 (C- or better)'),
('CS', 'CS-UY 3393', 'UNIX System Programming', 3, 'This course covers programming and system administration of UNIX systems. Also covered: Shell programming, special purpose languages, UNIX utilities, UNIX programming tools, systems programming and system administration.', 'Prerequisites: CS 3224 and junior status'),
('CS', 'CS-UY 3913', 'JAVA AND WEB DESIGN', 3, 'Programmers familiar with C or C++ learn to develop Java applications and applets. This course teaches the syntax of the Java language, object-oriented programming in Java, creating graphical user interfaces (GIU) using the Java 2 Platform technology event model, Java exceptions, file input/output (I/O) using Java Foundation Class threads and networking.', 'Prerequisite: (CS-UY 2134 or CS-UY 1134) and (CS-UY 2124 or CS-UY 1124) (C- or better)'),
('CS', 'CS-UY 3923', '| 3 units', 3, '09/03/2024 - 12/12/2024 Tue 6.30 PM - 9.00 PM', ''),
('CS', 'CS-UY 3933', 'NETWORK SECURITY', 3, 'This course covers reviews networking. Topics: Basic notations of confidentiality, integrity, availability; cryptographic systems, coding and decoding messages. Cryptographic protocols for privacy, integrity, key exchange and access control. TCP/IP security; Firewalls, IPSec; secure ecommerce. Intrusion detection, prevention, response. Advanced topics are included.', 'Prerequisite for Brooklyn Students: CS-UY 4793 or ECE-UY 3613 or ECE-GY 5373'),
('CS', 'CS-UY 3943', 'SPECIAL TOPICS IN COMPUTER SCIENCE', 3, 'INTRO TO BLOCKCHAIN & DISTRIBUTED LEDGER TECH (DLT INTRO TO OFFENSIVE SECURITY OPEN SOURCE/PROFESSIONAL SOFTWARE DEVELOPMENT SECURITY AND HUMAN BEHAVIOR SOFTWARE SUPPLY CHAIN SECURITY VIRTUAL AND AUGMENTED REALITY ALGORITHMIC MACHINE LEARNING AND DATA SCIENCE ARTIFICIAL INTELLIGENCE GAMES FOUNDATIONS OF DATA SCIENCE NEUROINFORMATICS This three-credit special topics course is for juniors and seniors.', 'Prerequisite: Department’s permission'),
('CS', 'CS-UY 4513', 'Software Engineering', 3, 'Focusing on software engineering, the course introduces techniques to specify, design, test and document medium and large software systems. Design techniques include information engineering, object orientation and complexity measures. Also covered are testing methods, such as path testing, exhaustive test models and construction of test data. An introduction to software tools and project management techniques is presented. Student projects involve team software development and tracking.', 'Prerequisites: Juniors or higher majoring in Computer Science, Computer Engineering or Electrical and Computer Engineering. Co-requisite: CS-UY 3224'),
('CS', 'CS-UY 4523', 'Design Project', 3, 'Students or several students work with a faculty member and/or graduate students on a current topic in computer science. Each term, a project course with a particular theme is offered by the Department of Computer and Information Science. A faculty member assigns individual or group projects. The project course is highly structured and supervised closely by faculty. Students are expected to use the design and project-management skills they learned in CS-UY 4513 Software Engineering. Alternatively, students may work with a faculty member on an individual project of mutual interest. A written report and oral presentation are required.', 'Prerequisite: CS-UY 4513 or CS-UY 3513'),
('CS', 'CS-UY 4533', 'Interactive Computer Graphics', 3, 'An introduction to the field of computer graphics: displays, image formation, visual perception, images, transformations (viewing and projection), programmable pipelines (vertex and fragment programs), modeling (primitives, polygon meshes, smooth curves and surfaces), animation (keyframing, procedural), rendering and realism (visibility, lighting, shading, shadows, texturing, ray tracing).', 'Prerequisite for Brooklyn Students: (CS-UY 2134 or CS-UY 1134) and (CS-UY 2124 or CS-UY 1124) (C- or better) and (MA-UY 2034 or MA-UY 3044 or MA-UY 3054)'),
('CS', 'CS-UY 4543', 'Human Computer Interaction', 3, 'Designing a successful interactive experience or software system takes more than technical savvy and vision--it also requires a deep understanding of how to serve peoples needs and desires through the experience of the system, and knowledge about how to weave this understanding into the development process. This course introduces key topics and methods for creating and evaluating human-computer interfaces/digital user experiences. Students apply these practices to a system of their choosing (I encourage application to prototype systems that students are currently working on in other contexts, at any stage of development). The course builds toward a final write-up and presentation in which students detail how they tackled HCI/user experience design and evaluation of their system, and results from their investigations. Some experience creating/participating in the production of interactive experiences/software is recommended.', ''),
('CS', 'CS-UY 4553', 'Game Design', 3, 'This course is about experimental game design. Design in this context pertains to every aspect of the game, and these can be broadly characterized as the game system, control, visuals, audio, and resulting theme. We will explore these aspects through the creation of a few very focused game prototypes using a variety of contemporary game engines and frameworks, high-level programming languages, and physical materials. This will allow us to obtain a better understanding of what makes games appealing, and how game mechanics, systems, and a variety of player experiences can be designed and iteratively improved by means of rapid prototyping and play-testing. The course combines the technology, design, and philosophy in support of game creation, as well as the real-world implementation and design challenges faced by practicing game designers. Students will learn design guidelines and principles by which games can be conceived, prototyped, and fully developed within a one-semester course, and will create a game from start to finish. The course is a lot of (team)work, but it’s also a lot of fun. Programming skills are helpful, but not a hard requirement. Artistic skills, or a willingness to learn them are a plus.', 'Prerequisites: CS-UY 3113, CS-UY 4533, or CS-UY 4613 (C- or better) for CS students; OART-UT 1600 and OART-UT 1605 for Game Center MFA students. Instructor permission required otherwise'),
('CS', 'CS-UY 4563', 'Introduction to Machine Learning', 3, 'This course provides a hands on approach to machine learning and statistical pattern recognition. The course describes fundamental algorithms for linear regression, classification, model selection, support vector machines, neural networks, dimensionality reduction and clustering. The course includes computer exercises on real and synthetic data using current software tools. A number of applications are demonstrated on audio and image processing, text classification, and more. Students should have competency in computer programming.', 'Prerequisite for Brooklyn Students: CS-UY 1134 AND (MA-UY 2034, MA-UY 2034G, MA-UY 3044 or MA-UY 3054) AND (MA-UY 2224, MA-UY 2222, MA-UY 2233, ECE-UY 2233, MA-UY 3012, MA-UY 3014, or MA-UY 3514)'),
('CS', 'CS-UY 4613', 'Artificial Intelligence', 3, 'Artificial Intelligence (AI) is an important topic in computer science that has many diversified applications. It addresses one of the ultimate puzzles human are trying to solve – How is it possible for a slow, tiny brain, whether biological or electronic, to perceive, understand, predict, and manipulate a world far larger and more complicated than itself? And, how do we go about creating a machine (or computer) with those properties? To this end, researchers in the AI field have been trying to understand how seeing, learning, remembering, and reasoning could, or should be done. This course introduces students to the many concepts and techniques in artificial intelligence.', 'Prerequisite for Brooklyn Students: (CS-UY 2134 or CS-UY 1134) and (CS-UY 2124 or CS-UY 1124) (C- or better)'),
('CS', 'CS-UY 4753', 'Application Security', 3, 'This course addresses the design and implementation of secure applications. Concentration is on writing software programs that make it difficult for intruders to exploit security holes. The course emphasizes writing secure distributed programs in Java. The security ramifications of class, field and method visibility are emphasized.', 'Prerequisite: CS-UY 3923'),
('CS', 'CS-UY 4773', 'Penetration Testing and Vulnerability Analysis', 3, 'The course will start off with an in-depth review of the exploitation mitigations introduced in modern operating systems. The instructors will demonstrate their limitations through simple examples and gradually develop the basic exploitation techniques into more complicated methods applicable to real-world exploitation. Unlike most other exploitation courses, we will focus on approaching exploitation as a creative problem-solving process rather than an exercise of applying cookbook techniques to common types of vulnerabilities. Most of the course will focus on the hands-on application of the material through exercises and leading the students through the development of reliable exploits for recently patched vulnerabilities in widely used software.', 'Prerequisites for Brooklyn Engineering Students: CS-UY 3933 and (CS-UY 2134 or CS-UY 1134) and (CS-UY 2124 or CS-UY 1124) (C- or better)'),
('CS', 'CS-UY 4783', 'Applied Cryptography', 3, 'This course examines Modern Cryptography from a both theoretical and applied perspective, with emphasis on “provable security” and “application case studies”. The course looks particularly at cryptographic primitives that are building blocks of various cryptographic applications. The course studies notions of security for a given cryptographic primitive, its various constructions and respective security analysis based on the security notion. The cryptographic primitives covered include pseudorandom functions, symmetric encryption (block ciphers), hash functions and random oracles, message message authentication codes, asymmetric encryption, digital signatures and authenticated key exchange. The course covers how to build provably secure cryptographic protocols (e.g., secure message transmission, identification schemes, secure function evaluation, etc.), and various number-theoretic assumptions upon which cryptography is based. Also covered: implementation issues (e.g., key lengths, key management, standards, etc.) and, as application case studies, a number of real-life scenarios currently using solutions from modern cryptography.', 'Prerequisite: (CS-UY 2134 or CS-UY 1134) and (CS-UY 2124 or CS-UY 1124) (C- or better) and MA-UY 2314'),
('CS', 'CS-UY 4793', '| CS-UY 4793G Computer Networking', 3, 'This course takes a top-down approach to computer networking. After an overview of computer networks and the Internet, the course covers the application layer, transport layer, network layer and link layers. Topics at the application layer include client-server architectures, P2P architectures, DNS and HTTP and Web applications. Topics at the transport layer include multiplexing, connectionless transport and UDP, principles or reliable data transfer, connection-oriented transport and TCP and TCP congestion control. Topics at the network layer include forwarding, router architecture, the IP protocol and routing protocols including OSPF and BGP. Topics at the link layer include multiple-access protocols, ALOHA, CSMA/CD, Ethernet, CSMA/CA, wireless 802.11 networks and link-layer switches. The course includes simple quantitative delay and throughput modeling, socket programming and network application development and Ethereal labs.', 'Prerequisite for Brooklyn Students: (CS-UY 2134 or CS-UY 1134) and (CS-UY 2124 or CS-UY 1124) (C- or better)'),
('CS', 'CS-UY 4793G', '| 3 units', 3, 'Class Times are shown in the Paris, France time zone. Make sure you convert to your local time zone, if needed. 01/20/2025 - 04/29/2025 Tue 4.40 PM - 7.10 PM', ''),
('DM', 'DM-UY 1113', 'Audio Foundation Studio', 3, 'This course is an orientation to the essential concepts and practices of digital audio. It is a creative and theoretical foundation studio that combines an orientation to sound and listening with fundamental techniques of digital audio production: recording, editing, and mixing. The course covers topic areas such as microphone and field recording techniques, recording studio best practices, audio editing, DAW (digital multi-track) production, and mixing.', ''),
('DM', 'DM-UY 1123', 'Visual Foundation Studio', 3, 'This course allows students to harness the power of visual language in order to convey messages and meaning. The elements of visual foundation that will be covered include components (color, texture, image and typography), composition, and concept. Although non-digital mediums will be addressed, the understanding and use of industry-standard software is also a primary goal.', ''),
('DM', 'DM-UY 1133', 'Creative Coding', 3, 'This course is an introductory programming class, appropriate for students with no prior programming experience. Traditionally, introductory programming teaches algorithmic problem-solving, where a sequence of instructions describe the steps necessary to achieve a desired result. In this course, students are trained to go beyond this sequential thinking – to think concurrently and modularly. By its end, students are empowered to write and read code for event-driven, object-oriented, graphical user interfaces.', ''),
('DM', 'DM-UY 1143', '| DM-UY 1143G Ideation & Prototyping', 3, 'In this class, the creative process will be investigated in order to generate ideas for art, design, technology, and business endeavors. The course will show how ideation, design research & thinking, and prototyping can inspire, inform, and bring depth to what one ultimately creates. Students will expand their arsenal of design research skills, learn how to think critically about their audience, content, form, and processes, as well as, understand the importance of utilizing more than one research and design strategy.', ''),
('DM', 'DM-UY 1143G', '| 3 units', 3, 'Class Times are shown in the Prague, Czech Republic time zone. Make sure you convert to your local time zone, if needed. 08/28/2025 - 12/04/2025 Thu 10.30 AM - 1.10 PM at Academc Ctr, Prague, Czech Rep Room MUCHA with Medeiros, Jeff  Select Class #19303', ''),
('DM', 'DM-UY 2113', 'Sound Design for Media', 3, 'This course explores sound design, primarily within visual contexts. The course will focus on the use of sound within visual and interactive media, including film, video production, interactive user experience, web design, and gaming. Students will create weekly studio assignments in all of these areas, with an emphasis on developing a strong competence in integrating digital audio techniques into other media. Final projects could include novel sound design developed for film, video, web, applications, or games.', 'Prerequisite(s): DM-UY 1113 or MPATE-UE 1001'),
('DM', 'DM-UY 2123', 'Narrative Cinema', 3, 'In this course, students complete a coordinated sequence of short projects that add up to a finished, live-motion video project. The course strongly emphasizes the relevance of particular tools and techniques to the specific project Concepts are introduced through the screening of historical examples, from 1895 to the present. The course format is modeled on professional standards and workflow for preproduction, production and postproduction.', 'Prerequisites: DM-UY 2263'),
('DM', 'DM-UY 2133', 'Modeling', 3, 'In this studio, students will learn to produce and render high-quality 3D models. Upon completion of this course, students will have a solid understanding of the fundamentals of modeling, texturing, animation and lighting using industry standard software. Students may create content for video games, web, film, or other interfaces.', ''),
('DM', 'DM-UY 2153', 'Intro to Game Development', 3, 'This class introduces the principles of 2D and 3D computer-game design. Students learn the range of game types and understand their conceptual building blocks. Students complete a structured sequence of assignments toward the completion of a new-game design. Students prepare, through a staged sequence of assignments, a fully worked-out design for an original game. Criteria include storyline quality, graphics quality and appropriateness of design to the game concept originality. For games with an educational or instructional purpose, clarity and effectiveness for the target audience is considered.', 'Prerequisite: DM-UY 1133'),
('DM', 'DM-UY 2173', 'Motion Graphics Studio', 3, 'Motion graphics can be found in a wide range of media: broadcast, web, animation, and film to name a few. This course will allow students to explore the elements of time and space to convey messages and meaning through type, image, and sound for the screen. Individual creativity will be stressed as well as the understanding and use of industry-standard software for developing motion graphics.', 'Prerequisite: DM-UY 1123'),
('DM', 'DM-UY 2183', 'Contemporary Techniques in Digital Photography and Imaging', 3, 'This course will cover basic camera use as well as the more sophisticated skills of image editing. Developing sensitivity to the aesthetics of image making through the use of the camera’s technical controls and composition are the central goals of the class. The course will provide a background in the history, theory, and contemporary issues of photography through lectures and visits to museums and galleries. By the end of the semester students will have the know-how to make images that convey their aesthetic and conceptual ideas effectively.', ''),
('DM', 'DM-UY 2193', 'Intro to Web Development', 3, 'In this course, students focus on client-side programming. Assignments are arranged in sequence to enable the production of a website of professional quality in design and production. This studio stresses interactivity, usability, and the quality and appropriateness of look and feel.', ''),
('DM', 'DM-UY 2213', 'User Experience Design (UX)', 3, 'From interacting with the latest device to cogently communicating complex data, user experience design (UX) is a discipline given increased prominence by the inescapable human relationship with technology. We will cover the UX design process as it relates to interactive interfaces found in websites, mobile apps, hardware, and events.', ''),
('DM', 'DM-UY 2263', 'Still and Moving Images', 3, 'This course provides an overview of image making and presentation techniques, from still to moving. Students will also be introduced to experimental image making. This course will cover introductory still and video camera use, as well as how to begin integrating image within media. Students will gain practical and analytical skills through workshops, assignments, critiques, technical instruction, readings, screenings, and discussions.', ''),
('DM', 'DM-UY 3104G', 'Surveillance and the City', 4, 'This course examines the history and evolution of surveillance and counter-surveillance technologies from paper to computer encryption and from the door-to-door eavesdropping to world-scale internet monitoring, as well as its cultural consequences, from the defiance of the Soviet era to the emergence of hacker culture and modern European data regulation. In addition to discussions surrounding government control, privacy, transparency and secrecy, students will be confronted with the physicality of surveillance through site and museum visits, fieldwork, interventions and simulated scenarios. Th... more description for DM-UY 3104G »', ''),
('DM', 'DM-UY 3113', 'Contemporary Techniques in Sound Art', 3, 'This course explores sound as an art form and technical practice in its own right. Topics include contemporary techniques in composition, sound art, and interactive installation. Students will produce sound with narrative elements that evoke social, cultural & critical-thinking. Their final projects can be experimental podcasts, music (performance and/or recordings), multi-channel audio installations, or multimedia projects.', 'Prerequisite: DM-UY 1113 or MPATE-UE 1001'),
('DM', 'DM-UY 3123', 'Documentary Cinema', 3, 'This course provides an overview of documentary film and video history and theory, centered on hands-on production. The course will include readings, workshops, screenings, discussions, assignments, critiques, and technical instruction around documentary and pseudodocumentary forms.', 'Prerequisite: DM-UY 2263'),
('DM', 'DM-UY 3133', 'Animation', 3, 'Students will learn advanced techniques of 3D computer animation, along with the theories and principles of motion including motion capture. Students will become comfortable utilizing cameras, lights, dynamics, motion, and effects in an industry-standard software. Comprehensive critiques will be conducted regularly to encourage good design for time-based animation.', 'Prerequisites: DM-UY 2133'),
('DM', 'DM-UY 3183', 'Photography and Words', 3, 'This course explores various image editing techniques and outputs, utilizing various styles of text, including fiction and non-fiction. The assignments foreground how text influences viewers’ perception of images, and how images can enrich a body of writing. Students will use a range of production skills to create work — using After Effects for animation, HTML/CSS for website creation, book and print design, and archival printing methods. All projects are accompanied by readings that provide historical and theoretical grounding to support the concepts explored through practice. An emphasis on refining technical and aesthetic photography skills are central throughout the semester. Prerequisites: DM-UY 2183 or DM-UY 2263', ''),
('DM', 'DM-UY 3193', 'Dynamic Web Applications', 3, 'In this course, students focus on client and server side programming, as well as the web design and development process. Students are also introduced to databases for the web. Examples of dynamic web applications include content management systems, registration systems, and social media solutions.', ''),
('DM', 'DM-UY 4003', '', 3, '', ''),
('DM', 'DM-UY 4153', 'Experimental Game Narratives', 3, 'How do games tell stories? How can we move beyond the traditional narrative in games? Is there a more holistic approach that embeds the story deeply into the interaction? In this class, students will begin to answer these questions by analyzing games and developing their own experimental narrative games.', 'Prerequisite: DM-UY 2153'),
('DM', 'DM-UY 4173', 'Professional Practices for Creatives', 3, 'This course introduces students to the fundamental skills and professional practices vital to pursuing a career within a range of creative fields and industries. Students will explore strategies for effective documentation and presentation of their creative work, the art of self-promotion and exhibiting work publicly in various forms and environments, as well as networking and career preparation.', 'Prerequisite: Junior or Senior Standing'),
('DM', 'DM-UY 4193', 'Mobile Application Development', 3, 'Todays applications are increasingly mobile. This course teaches students how to build mobile apps for Android or iOS devices, as well as how to deploy them in app stores. The history of mobile computing is also explored.', 'Prerequisite: DM-UY 2193'),
('DM', 'DM-UY 4913', 'Special Topics in Digital Media', 3, 'ANALOG HEAVEN BEDROOM BEATMAKING BLINKING BEEPING MOVING SENSING DESIGN THROUGH MYTH AND STORYTELLING DIGITAL ACCESSIBILITY AND CREATIVE APPLICATIONS HANDS-ON DESIGN: FABRICATION STUDIO REAL-TIME A/V UNITY FOR GAMES VIRTUAL ENHANCEMENT VIRTUAL REALITY 3D FOR AR ADVANCED CREATIVE CODING DARK PATTERNS DATA VISCERALIZATION DESIGNING THE POST NATURAL HYBRID VISUAL IDENTITY: DESIGN AND APPLICATION LIVE MEDIA PROCESSING FOR PERFORMANCE & INSTALLATI MOTION CAPTURE PROBLEM SOLVING THROUGH XR This course, completed under the DM faculty guidance, may be repeated for credit on a different topic. By special permission of the program director, this course may be offered from time to time in subjects relevant to, but not regularly offered by, the Digital Media program. To suggest a subject, students must file a course syllabus or proposal with the program office.', ''),
('ECE', 'ECE-UY 1002', 'INTRODUCTION TO ELECTRICAL AND COMPUTER ENGINEERING', 2, 'This course introduces numerous subject areas in Electrical and Computer Engineering (power systems, electronics, computer networking, microprocessors, digital logic, embedded systems, communications, feedback control, and signal processing). Through a series of case studies and examples, the course demonstrates how each subject area applies to practical, real-world systems and devices and discusses how the areas interact with each other to implement a complete functioning system or device. Students make presentations in teams on case studies based on articles from the IEEE Spectrum Magazine and other sources. The IEEE Code of Ethics and ethics-related issues are discussed.', 'Prerequisites: First-year standing'),
('ECE', 'ECE-UY 2004', 'FUND. OF ELECTRIC CIRCUITS', 4, 'Fundamentals of Circuits includes circuit modeling and analysis techniques for AC, DC and transient responses. Independent and dependent sources, resistors, inductors and capacitors are modeled. Analysis techniques include Kirchhoff’s current and voltage laws, current and voltage division. Thevenin and Norton theorems, nodal and mesh analysis, and superposition. Natural and forced responses for RLC circuits, sinusoidal steady-state response and complex voltage and current (phasors) are analyzed. Alternate-week laboratory. A minimum of C- is required for students majoring in EE. Objective: fundamental knowledge of DC and AC circuit analysis.', 'Co-requisites for Brooklyn Engineering Students: (MA-UY 1044 or MA-UY 2034) and PH-UY 2023'),
('ECE', 'ECE-UY 2204', '| 4 units', 4, '01/21/2025 - 05/06/2025 Mon,Wed 4.00 PM - 5.50 PM', ''),
('ECE', 'ECE-UY 2233', 'Introduction to Probability', 3, 'Standard first course in probability, recommended for those planning further work in probability or statistics. Probability of events, random variables and expectations, discrete and continuous distributions, joint and conditional distributions, moment generating functions, the central limit theorem.', 'Prerequisites: MA-UY 109, MA-UY 2112, OR MA-UY 2114. Note: Not open to students who have taken MA-UY 2224 or MA-UY 3012 or MA-UY 3022'),
('ECE', 'ECE-UY 3054', 'Signals and Systems', 4, 'This course centers on linear system theory for analog and digital systems; linearity, causality and time invariance; impulse response, convolution and stability; the Laplace, z- transforms and applications to Linear Time Invariant (LTI) systems; frequency response, analog and digital filter design. Topics also include Fourier Series, Fourier Transforms and the sampling theorem. Weekly computer-laboratory projects use analysis- and design-computer packages. The course establishes foundations of linear systems theory needed in future courses; use of math packages to solve problems and simulate systems; and analog and digital filter design.', 'Prerequisites for Brooklyn Engineering Students: MA-UY 1044, MA-UY 2012/2132 or MA-UY 2034'),
('ECE', 'ECE-UY 3064', 'Feedback Control', 4, 'This course introduces analysis and design of linear feedback-control systems; modeling of physical systems, performance specifications, sensitivity and steady-state error; Routh- Hurwitz and Nyquist Stability tests; the use of Root Locus and frequency-response techniques to analyze system performance and design compensation (lead/lag and PID controllers) to meet performance specifications. Students analyze and design control systems using math packages in the alternate-week computer laboratory. The course establishes the foundation of feedback-control theory for use in more advanced courses; introduces control-systems design concepts and practices; and develops facility with computer-design packages for design and simulation.', 'Prerequisites for Brooklyn Engineering Students: EE-UY 3054 (C- or better) and PH-UY 2023'),
('ECE', 'ECE-UY 3114', 'Fundamentals of Electronics I', 4, 'This course focuses on circuit models and amplifier frequency response, op-amps, difference amplifier, voltage-to-current converter, slew rate, full-power bandwidth, common-mode rejection, frequency response of closed-loop amplifier, gain-bandwidth product rule, diodes, limiters, clamps and semiconductor physics. Other topics include Bipolar Junction Transistors; small-signal models, cut-off, saturation and active regions; common emitter, common base and emitter-follower amplifier configurations; Field-Effect Transistors (MOSFET and JFET); biasing; small-signal models; common-source and common gate amplifiers; and integrated circuit MOS amplifiers. The alternate-week laboratory experiments on OP-AMP applications, BJT biasing, large signal operation and FET characteristics. The course studies design and analysis of operational amplifiers; small-signal bipolar junction transistor and field-effect transistor amplifiers; diode circuits; differential pair amplifiers and semiconductor device- physics fundamentals.', 'Prerequisites for Brooklyn Engineering Students: EE-UY 2024 or EE-UY 2004 (C- or better) and PH-UY 2023'),
('ECE', 'ECE-UY 3124', 'Fundamentals of Electronics II', 4, 'The course concentrates on differential and multistage amplifier, current mirrors, current sources, active loads; frequency response of MOSFET, JFET and BJT amplifiers: Bode plots; feedback amplifiers, gain-bandwidth rule and feedback effect on frequency response; Class A, B and AB output stages; op-amp analog integrated circuits; piecewise-linear transient response; determination of state of transistors; wave-shaping circuits; MOS and bipolar digital design: noise margin, fan-out, propagation delay; CMOS, TTL, ECL; and an alternate week laboratory. The course studies design and analysis of analog integrated circuits, frequency response of amplifiers, feedback amplifiers, TTL and CMOS digital integrated circuits.', 'Prerequisite for Brooklyn Engineering Students: EE-UY 3114'),
('ECE', 'ECE-UY 3193', 'Introduction to Very Large Scale Integrated Circuits', 3, 'The course offers an overview of integrated circuit-design process: planning, design, fabrication and testing; device physics: PN junction, MOSFET and Spice models; inverter static and dynamic behavior and power dissipation; interconnects: cross talk, variation and transistor sizing; logic gates and combinational logic networks; sequential machines and sequential system design; subsystem design: adders, multipliers, static memory (SRAM), dynamic memory (DRAM). Topics include floor planning, clock distribution, power distribution and signal integrity; Input/Output buffers, packaging and testing; IC design methodology and CAD tools; implementations: full custom, application-specific integrated circuit (ASIC), field programmable gate arrays (FPGA). The course provides foundations of VLSI design and custom VLSI design methodology and state-of-the-art CAD tools.', 'Prerequisites: CS-UY 2204 (C- or better) and EE-UY 3114'),
('ECE', 'ECE-UY 3404', 'Fundamentals of Communication Theory', 4, 'The course covers bandpass signal representation and quadrature receivers; noise in communication systems; Digital Modulation Schemes, coherent and noncoherent receivers; coding fundamentals, block and convolutional codes; higher-order modulation schemes, QAM, M-PSK; intersymbol interference and equalization techniques; and carrier and symbol synchronization. Alternate-week computer laboratory projects analyze and design computer packages. The course teaches principles of various modulation and coding techniques and their relative effectiveness under transmission-environments constraints and uses math packages to analyze and simulate communication systems.', 'Prerequisites for Brooklyn Engineering Students: ECE-UY 3054 (C- or better); computer engineering students may register with instructor’s approval. Co-requisite: ECE-UY 2233'),
('ECE', 'ECE-UY 3474', 'Introduction to Modern Optics and Photonics', 4, 'This course covers the physics of optics using both classical and semi-classical descriptions. The classical and quantum interactions of light with matter. Diffraction of waves and wave packets by obstacles. Fourier transform optics, holography, Fourier transform spectroscopy. Coherence and quantum aspects of light. Geometrical optics. Matrix optics. Crystal optics. Introduction to electro-optics and nonlinear optics.', 'Prerequisite: PH-UY 2033'),
('ECE', 'ECE-UY 3604', 'Electromagnetic Waves', 4, 'Electromagnetic wave propagation in free space and in dielectrics, starting from a consideration of distributed inductance and capacitance on transmission lines. Electromagnetic plane waves are obtained as a special case. Reflection and transmission at discontinuities are discussed for pulsed sources, while impedance transformation and matching are presented for harmonic time dependence. Snell’s law and the reflection and transmission coefficients at dielectric interfaces are derived for obliquely propagation plane waves. Guiding of waves by dielectrics and by metal waveguides is demonstrated. Alternate-week laboratory. Objectives: Establish foundations of electromagnetic wave theory applicable to antennas, transmissions lines and materials; increase appreciation for properties of materials through physical experiments.', 'Prerequisites for Brooklyn Engineering Students: EE-UY 2024 or EE-UY 2004 (C- or better)'),
('ECE', 'ECE-UY 3613', 'Communication Networks', 3, 'This course develops basic techniques used in communication networks. After protocol layering is introduced, algorithms and protocols are discussed for use in each of the five layers: physical, data link, network, transport and application. Specific protocols such as TCP/IP, ATM, SS7 are included.', 'Prerequisite for Brooklyn Engineering Students: Junior status in electrical engineering, computer engineering, or computer science. Co-requisites for Brooklyn Engineering Students: ECE-UY 2233 (EE majors) or MA-UY 2224 (CompE/CS majors)'),
('ECE', 'ECE-UY 3824', 'Electric Energy Conversion Systems', 4, 'Introduction to electric-energy sources, energy-storage devices, energy economics, environmental issues and electrical hazards. Principles of electric power systems transmission and distribution. Basic electromechanical conversion systems pulse and distribution transformers, induction rotating machines. Principles of electric energy conversion, static power supplies, static controllers and electric-power quality. Fundamentals of power management heat-sinks and cooling systems. Alternate-week experiments with basic electrical machines. Objectives: familiarization with energy sources, storage devices and their economical and environmental management; analysis and design of transmission and distribution systems, basic electrical machinery and power electronic converters.', 'Prerequisite for Brooklyn Engineering Students: EE-UY 2024 or EE-UY 2004 (C- or better) | Co-requisite (for all students): EE-UY 3604');
INSERT INTO `courses` (`departmentID`, `courseID`, `course_name`, `credits`, `course_description`, `prerequisite`) VALUES
('ECE', 'ECE-UY 4001', 'ECE Professional Development & Presentation', 1, 'This course provides electrical and computer engineering students with concepts, theory, principles and experience in project management and project presentation. Students learn how to apply skills learned in engineering coursework to team projects in a professional environment. Prerequisites: Junior or senior status or permission of the instructor.', ''),
('ECE', 'ECE-UY 4123', 'SENIOR DESIGN IN ELECTRICAL POWER & ENERGY: INTRO TO ELECTRIC POWER SYSTEMS', 3, 'The first course, EE DP1, is one of a number of specialty lab/project courses offered by the department in various subdisciplines such as electronics, machinery, robotics, imaging, communications, etc. (ECE-UY 4113-4183, below). DP1 provides significant background laboratory experience in the student’s area of concentration. Students begin independent projects by finding an adviser and initiating the project work, and exercising oral presentation and written communication skills. The course focuses on basic concepts in electric power systems. Topics include: three-phase circuits; component modeling (generators, transmission lines, transformers, etc.); per-unit system; symmetrical components; power flow; short circuit; transient stability; introduction to advanced topics: contingency analysis, optimum power flow, electromagnetic transients, geomagnetically induced currents, and harmonics. The course is complemented by laboratory experiments on synchronous and induction (wind) generators. ABET competencies: a, b, c, e, f, g, k.', 'Prerequisite: ECE-UY 3824'),
('ECE', 'ECE-UY 4144', 'Introduction to Embedded Systems Design', 4, 'The course covers architecture and operation of embedded microprocessors; microprocessor assembly language programming; address decoding; interfacing to static and dynamic RAM; Serial I/O, Parallel I/O, analog I/O; interrupts and direct memory access; A/D and D/A converters; sensors; microcontrollers. Alternate-week laboratory. Objectives: to provide foundations of embedded systems design and analysis techniques; expose students to system level design; and teach integration of analog sensors with digital embedded microprocessors.', 'Prerequisites: CS-UY 2204 (C- or better) and EE-UY 2024 or EE-UY 2004 (C- or better)'),
('ECE', 'ECE-UY 4163', 'REAL-TIME DIGITAL SIGNAL PROCESSING (DP1)', 3, 'The required design project consists of two three-credit courses. The first course, EE DP1, is one of a number of specialty lab/project courses offered by the department in various subdisciplines such as electronics, machinery, robotics, imaging, communications, etc. (EE-UY 4113-4183, below). DP1 provides significant background laboratory experience in the student’s area of concentration. Students begin independent projects by finding an adviser and initiating the project work, and exercising oral presentation and written communication skills.', 'Prerequisite: completion of all junior-level technical courses'),
('ECE', 'ECE-UY 4183', 'WIRELESS COMMUNICATIONS', 3, 'The required design project consists of two three-credit courses. The first course, EE DP1, is one of a number of specialty lab/project courses offered by the department in various subdisciplines such as electronics, machinery, robotics, imaging, communications, etc. (EE-UY 4113-4183, below). DP1 provides significant background laboratory experience in the student’s area of concentration. Students begin independent projects by finding an adviser and initiating the project work, and exercising oral presentation and written communication skills.', 'Prerequisite: ECE-UY 3054 and Senior Level'),
('ECE', 'ECE-UY 4193', 'Electrical and Computer Engineering Design Project I', 3, 'Independent Study Design Project 1. In the 2-semester Senior Design Project, a required course for seniors, you will focus on an aspect of electrical engineering. In the first semester, you will develop skills using specialized laboratory equipment and computer-design packages. You will be introduced to techniques for planning projects and how to make effective presentations. You will also learn to balance such design requirements as performance, safety, reliability, and cost effectiveness.', ''),
('ECE', 'ECE-UY 4283', 'Wireless Information Systems Laboratory II', 3, 'This course includes hands-on experience with a combination of laboratory experiments, lectures and projects relating to basic and advanced topics in wireless communications. Specific topics include mixers, IQ modulation, phase locked loops, receiver design, PN code acquisition, smart antennas and RFID.', 'Prerequisite: EE-UY 4183'),
('ECE', 'ECE-UY 4293', 'Electrical and Computer Design Project II', 3, 'In this concluding phase of the Design Project, students and their advisers continue to work on the independent project begun in the previous semester. The final project builds upon analytical and laboratory skills developed in previous required and elective courses. The project may be an individual one, or may be carried out by a student team working with a faculty group adviser. The final Capstone Project also may be a multidisciplinary project carried out with students from other departments.', 'Prerequisite: EE-UY 41X3. ABET competencies: a, b, c, d, e, f, g, h, i, j, k'),
('ECE', 'ECE-UY 4313', 'Computer Engineering Design Project I', 3, 'Lectures and experiments introduce computer hardware organization, assembly language programming and interfacing computer hardware to physical devices. This course exercises the student’s oral presentation and written communication skills, and provides background necessary for beginning independent project work. Students find an adviser and choose DP II course project.', 'Prerequisite: completion of all junior level technical courses, including minimum grade requirements. ABET competencies: a, b, c, e, f, g, k'),
('ECE', 'ECE-UY 4423', 'Special Topics in Electrical Engineering', 3, 'DP1 ADVANCE COMPUTER HARDWARE DESIGN IMPACT INNOVATION LAB DP2 ADVANCED HARDWARE DESIGN IMPACT INNOVATION LAB 2 This course covers topics of special interest in electrical engineering to promote exposure to emerging issues in electrical engineering not covered in the programs normal course offerings.', 'Prerequisite: Advisor Approval'),
('ECE', 'ECE-UY 4563', 'Introduction to Machine Learning', 3, 'This course provides a hands on approach to machine learning and statistical pattern recognition. The course describes fundamental algorithms for linear regression, classification, model selection, support vector machines, neural networks, dimensionality reduction and clustering. The course includes computer exercises on real and synthetic data using current software tools. A number of applications are demonstrated on audio and image processing, text classification, and more. Students should have competency in computer programming.', 'Prerequisites: ECE-UY 2233, MA-UY 2224 or MA-UY 2222, MA-UY 3514'),
('ECE', 'ECE-UY 4993', 'Senior Thesis', 3, 'Independent design-oriented engineering project preformed under guidance of faculty advisor. Oral thesis defense and formal, bound thesis volume required. Registration of at least 6 credits required.', 'Prerequisite: Senior status and adviser approval. Credits: variable'),
('EG', 'EG-UY 1001', 'Engineering and Technology Forum', 1, 'In this course the notion of invention, innovation and entrepreneurship (i2e) is introduced to the students’ educational experience. Students will be exposed to elements of a research-intensive institution and diverse research performed by leading engineers, scientists, inventors and entrepreneurs.', ''),
('EG', 'EG-UY 1004', 'Introduction to Engineering and Design', 4, 'This course introduces selected aspects of the history, philosophy, methodology, tools, and contemporary topics in engineering. Also included are basic engineering experimentation, data analysis, and a team-design project. This course will provide an understanding of what professional engineers do. In this context, an emphasis will be placed on developing oral and written communication skills. EG1004 is a survey course that introduces students to NYU Tandon academic opportunities, professional and career development, and teamwork skills. Design and project management skills are developed throughout a semester-long design project. Disciplines within engineering will be introduced during lecture, and explored through practice in laboratory assignments.', ''),
('EG', 'EG-UY 3003', 'PRECAPSTONE INNOVATION', 3, 'Pre-Capstone Innovation Experience course is designed for our undergraduate engineering students is aimed at preparing them for capstone/senior design projects with the following goals: 1) to provide students with multidisciplinary engineering prototyping tools spanning biological engineering to circuit design; 2) to expose student to customer discovery process and Lean Launchpad methods; 3) to facilitate E-team formation around multidisciplinary groups; and 4) to prepare students for innovative capstone prototypes and understand the process to transform ideas into commercial ventures.', 'Prerequisite: Permission from adviser'),
('FIN', 'FIN-UY 2003', 'Economic Foundations of Finance', 3, 'This course focuses on the fundamental economic concepts underpinning modern financial theory. Material includes consumer behavior; utility theory; analysis of production and costs; competitive markets; monopolistic and monopsonistic markets; time value of money; game theoretic analysis of oligopoly; asymmetric information in markets; externalities; market efficiency and more. The calculus is used to develop these concepts.', 'Prerequisites: MA-UY 1124 or MA-UY 1154 or MA-UY 1424 and Sophomore Standing or higher. This course fulfills 3 credits of Tandon HuSS elective requirements'),
('FIN', 'FIN-UY 2103', 'Creating and Understanding Financial Statements', 3, 'This course provides a solid understanding of the creation and interpretation of modern financial statements. Topics include the compelling reasons for financial statements, Sarbanes-Oxley, U.S. accounting principles and how they differ abroad, quality of financial information, financial ratios and their uses, cash-flow analysis, measurement of corporate performance, credit analysis and introduction to managing financial risk.', 'Prerequisites: MA-UY 1124 or MA-UY 1154 or MA-UY 1424 and Sophomore Standing or higher. Anti-requisite: MG-UY 2204, ACCT-UB 1, ACCT-UB 3 or ACCT-UB 4'),
('FIN', 'FIN-UY 2203', 'Corporate Finance and Financial Markets', 3, 'This course covers the fundamentals of corporate finance, valuation, risk, capital budgeting and market efficiency. Students who complete this class acquire a solid foundation needed for intermediate and advanced topics in finance. This class is a prerequisite for all FIN classes at the 3000 level.', 'Prerequisites: MA-UY 2054 or MA-UY 2212 (or MA-UY 2224) or MA-UY 2233 or MA-UY 3014 or MA-UY 3514, 8 credits of calculus, and Sophomore Standing or higher'),
('FIN', 'FIN-UY 3233', 'DERIVATIVES AND THE OPTIONS MARKET', 3, 'This course builds on mathematical models of bond and stock prices and covers two major areas of mathematical finance with significant impact on operating-model financial markets, namely, Black-Scholes arbitrage pricing of options, and other derivative securities and interest rates together with their term structure. The course makes significant use of probability and calculus, covering the material in a mathematically rigorous and complete manner.', 'Prerequisite: FIN-UY 2203. Co-Registration Requirements: FIN-UY 2003, FIN-UY 2103'),
('FIN', 'FIN-UY 3403', 'Entrepreneurship and Financial Management', 3, 'This course introduces the finance of entrepreneurship and venture capital. It considers the perspectives of the start-up firm and the venture capitalist and develops a framework for understanding the laws, contracts and issues involved in reaching mutually profitable contracts.', 'Prerequisites: FIN 2203'),
('FIN', 'FIN-UY 3503', 'FINANCIAL RISK MODELING & ANALYTICS', 3, 'This course focuses on how to optimize business strategies, qualitatively and quantitatively with respect to financial risk. Financial risk can be thought of in two pieces: Operational Risk is cost-side risk and Sales Risk is revenue-side risk. The course is organized around the principle that risk analysis consists, in part, of data collection and the building of mathematical models to describe the risk of failures in human resources, processes and technology. Beginning with a foundation for financial risk modeling and a focus on the modeling process, the course discusses probabilistic tools for risk modeling and statistical methods to calibrate models of risk. The quantitative assessment of risk uses the tools of probability, statistics and actuarial science.', 'Prerequisite: FIN 2203. Co-Registration Requirements: FIN 2003, FIN 2103'),
('FIN', 'FIN-UY 4903', 'SPECIAL TOPICS IN FINANCE AND RISK ENGINEERING', 3, 'CLIMATE RISK INVEST BANKING/PRIVATE EQUITY MACHINE LEARNING IN FINANCE The course considers unique topics of interest in Finance and Risk Engineering. It may feature a detailed look at a single topic or a series of focused topical presentations.', 'Prerequisite: FIN 2003, FIN 2103, and FIN 2203, or Permission of Department or Instructor'),
('MA', 'MA-UY 1000', 'for voluntary extra instruction.', 0, 'MA-UY 914  01/21/2025 - 05/06/2025 MA-UY 914', ''),
('MA', 'MA-UY 1024', 'Calculus I for Engineers', 4, 'This course covers: Library of Functions, functions of one variable. Limits, derivatives of functions defined by graphs, tables and formulas, differentiation rules for power, polynomial, exponential and logarithmic functions, derivatives of trigonometric functions, the product and quotient rules, the chain rule, applications of the chain rule, maxima and minima, optimization. The definite integral, the Fundamental Theorem of Calculus and interpretations, theorems about definite integrals, anti-derivatives.', 'Prerequisite: Placement Exam or MA-UY 914 | Corequisite: EX-UY 1'),
('MA', 'MA-UY 1044', 'Linear Algebra', 4, 'Systems of linear equations, Gaussian elimination, matrices, determinants, Cramers rule. Vectors, vector spaces, basis and dimension, linear transformations. Eigenvalues, eigenvectors, and quadratic forms. Restricted to Tandon math and CS majors and students with a permission code from the math department. Fulfills linear algebra requirement for the BS Math and BS CS degrees. Note: Not open to students who have already taken MA-UY 1533, MA-UY 2034, MA-UY 3113 or MA-UY 3054.', 'Prerequisite: A grade of C or better in MA-UY 1022 or MA-UY 1024 or MA-UY 1324 or MATH-UH 1012Q or MATH-UH 1013Q or MATH-SHU 121 or MATH-SHU 201'),
('MA', 'MA-UY 1124', 'Cal II for Eng Recitation', 4, 'MA-UY 914 Precal for Eng Recitation Math Recitation', ''),
('MA', 'MA-UY 1414', '| MA-UY 2414 Basic Practice of Statistics for Social Science', 4, 'We are inundated by data, but data alone do not translate into useful information. Statistics provides the means for organizing, summarizing, and therefore better analyzing data so that we can understand what the data tell us about critical questions. If one collects data then understanding how to use statistical methods is critical, but it is also necessary to understand and interpret all the information we consume on a daily basis. This course provides these basic statistical approaches and techniques. This course may not be acceptable as a substitute for any other Probability and Statistics course. For Sustainable Urban Environments (SUE) students, please see your advisor. Note: Not open to math majors or students who have taken or will take MA-UY 2054 or MA-UY 2224 or MA-UY 3014 or MA-UY 3514 or ECE-UY 2233 or equivalent.', ''),
('MA', 'MA-UY 2034', '| MA-UY 2034G Linear Algebra and Differential Equations', 4, 'MA-UY 2034 is an introduction to ordinary differential equations and linear algebra. The course develops the techniques for the analytic and numeric solutions of ordinary differential equations (and systems) that are widely used in modern engineering and science. Linear algebra is used as a tool for solving systems of linear equations as well as for understanding the structure of solutions to linear (systems) of differential equations. Topics covered include the fundamental concepts of linear algebra such as Gaussian elimination, matrix theory, linear transformations, vector spaces, subspaces, basis, eigenvectors, eigenvalues and the diagonalization of matrices, as well as the techniques for the analytic and numeric solutions of ordinary differential equations (and systems) that commonly appear in modern engineering and science.', 'Prerequisite: MA-UY 1124 or MA-UY 1424. Note: Not open to students who have taken MA-UY 1044 or MA-UY 3054 or MA-UY 3083 or MA-UY 4204'),
('MA', 'MA-UY 2034G', '| 4 units', 4, 'Class Times are shown in the London, England time zone. Make sure you convert to your local time zone, if needed. 09/02/2024 - 12/06/2024 Tue,Thu 12.45 PM - 2.25 PM', ''),
('MA', 'MA-UY 2114', 'Calculus III: Multi-Dimensional Calculus', 4, 'Vectors in the plane and space. Partial derivatives with applications, especially Lagrange multipliers. Double and triple integrals. Spherical and cylindrical coordinates. Surface and line integrals. Divergence, gradient, and curl. Theorems of Gauss and Stokes.', 'Prerequisite: MA-UY 1124 or MA-UY 1424. Anti-requisite: MA-UY 2514'),
('MA', 'MA-UY 2224', 'Probability and Statistics for Engineers', 4, 'An introductory course to probability and statistics. It affords the student some acquaintance with both probability and statistics in a single term. Topics in Probability include mathematical treatment of chance; combinatorics; binomial, Poisson, and Gaussian distributions; the Central Limit Theorem and the normal approximation. Topics in Statistics include sampling distributions of sample mean and sample variance; normal, t-, and Chi-square distributions; confidence intervals; testing of hypotheses; least squares regression model. Applications to scientific, industrial, and financial data are integrated into the course.NOTE: Not open to math majors or students who have taken or will take MA-UY 2054 or MA-UY 3014 or MA-UY 3514 or ECE-UY 2233.', 'Prerequisite: MA-UY 1124, MA-UY1424, or MA-UY 1132 or MATH-UH 1020 or MATH-UH 1021 or MATH-SHU 151'),
('MA', 'MA-UY 2314', '| MA-UY 2314G Discrete Mathematics', 4, 'Logic, proofs, set theory, functions, relations, asymptotic notation, recurrences, modeling computation, graph theory.', 'Prerequisite: Math Diagnostic Exam or MA-UY 914 (minimum calculus level required) | Prerequisite for Shanghai students: MATH-SHU 131. Note: This course and CS-GY 6003 cannot both be taken for credit'),
('MA', 'MA-UY 2414', '| 4 units', 4, '09/03/2024 - 12/12/2024 Tue,Thu 6.00 PM - 7.50 PM', ''),
('MA', 'MA-UY 2514', 'HONORS CALCULUS III', 4, 'Similar to MA-UY 2114 Calculus III, but at a faster pace and deeper level. Functions of several variables. Vectors in the plane and space. Partial derivatives with applications, especially Lagrange multipliers. Double and triple integrals. Spherical and cylindrical coordinates. Surface and line integrals. Divergence, gradient, and curl. Theorem of Gauss and Stokes. Students pursuing an honors mathematics degree are especially encouraged to consider this course. Prerequisite: (MA-UY 1124 or MA-UY 1424) with a grade of A- or better OR a 5 on the AP Calculus BC Exam and Department Permission. Anti-requisite: MA-UY 2114', ''),
('MA', 'MA-UY 3014', 'APPLIED PROBABILITY', 4, 'An introduction to the mathematical treatment of random phenomena occurring in the natural, physical, and social sciences. Axioms of mathematical probability, combinatorial analysis, binomial distribution, Poisson and normal approximation, random variables and probability distributions, generating functions, the Central Limit Theorem and Laws of Large Numbers, Markov Chains, and basic stochastic processes. Note: Not open to students who have taken MA-UY 2224, MA-UY 2233, ECE-UY 2233 or MA-UY 3022', 'Prerequisite: A grade of C or better in (MA-UY 2114 or MA-UY 2514) and (MA-UY 1044 or MA-UY 2034 or MA-UY 3034 or MA-UY 3054)'),
('MA', 'MA-UY 3054', 'Honors Linear Algebra', 4, 'This honors section of Linear Algebra is intended for well-prepared students who have already developed some mathematical maturity. Its scope will include the usual Linear Algebra (MA-UY 3044) syllabus; however, this class will move faster, covering additional topics and going deeper. Vector spaces, linear dependence, basis and dimension, matrices, determinants, solving linear equations, eigenvalues and eigenvectors, quadratic forms, applications such as optimization or linear regression. Note: Not open to students who have already taken MA-UY 1044, MA-UY 1533, MA-UY 2034, or MA-UY 3113.', 'Prerequisites: A- or better in MA-UY 1024 or MA-UY 1324 or MA-UY 1022'),
('MA', 'MA-UY 3113', 'Advanced Linear Algebra and Complex Variables', 3, 'This course provides a deeper understanding of topics introduced in MA-UY 2012 and MA-UY 2034 and continues the development of those topics, while also covering functions of a Complex Variable. Topics covered include: The Gram-Schmidt process, inner product spaces and applications, singular value decomposition, LU decomposition. Derivatives and Cauchy-Riemann equations, integrals and Cauchy integral theorem. Power and Laurent Series, residue theory.', 'Prerequisites: (MA-UY 2114 or MA-UY 2514) AND (MA-UY 2034). Note: Not open to students who have taken MA-UY 1533, MA-UY 3112 or MA-UY 4433'),
('MA', 'MA-UY 3204', 'Linear and Nonlinear Optimization', 4, 'This course provides an application-oriented introduction to linear programming and convex optimization, with a balanced combination of theory, algorithms, and numerical implementation. Theoretical topics will include linear programming, convexity, duality, and dynamic programming. Algorithmic topics will include the simplex method for linear programming, selected techniques for smooth multidimensional optimization, and stochastic gradient descent. Applications will be drawn from many areas, but will emphasize economics (eg two-person zero-sum games, matching and assignment problems, optimal resource allocation), data science (eg regression, sparse inverse problems, tuning of neural networks) and operations research (eg shortest paths in networks and optimization of network flows). While no prior experience in programming is expected, the required coursework will include numerical implementations, including some programming; students will be introduced to appropriate computational tools, with which they will gain experience as they do the assignments.', 'Prerequisites: A grade of C or better in (MA-UY 2114 or MA-UY 2514) and (MA-UY 1044 or MA-UY 2034 or MA-UY 3054)'),
('MA', 'MA-UY 3514', 'Honors Probability', 4, 'The aim of this class is to introduce students to probability theory, with a greater emphasis on rigor, more material, and a faster pace than the Theory of Probability/Applied Probability class. The material will include discrete and continuous probability, and the most fundamental limit theorems (law of large numbers and Central Limit Theorem). Students will be made familiar with the classical models, computations on densities, and convergence to universal distributions. They will also be expected to understand the proofs of all the results seen in class, and be able to argue with mathematical rigor. Note: While B+ or higher is the standard requirement for this course, the department will consider petitions sent to soe.math@nyu.edu if you are on the borderline of that requirement. Not open to students who have taken MA-UY 3014.', 'Prerequisites: MA-UY 2114 or MA-UY 2514 with a grade of B+ or better, and (MA-UY 1044 or MA-UY 2034 or MA-UY 3034 or MA-UY 3054) with a grade of B+ or better, and MA-UY 2314 with a grade of B+ or better. Anti-Requisites: MA-UY 3014'),
('MA', 'MA-UY 3604', '| PH-UY 3604 MATHEMATICAL METHODS FOR PHYSICS AND ENGINEERING', 4, 'First course of two-semester lecture sequence in mathematical physics for undergraduate students in physics and engineering. Line, surface and volume integrals, gradient, divergence, and curl. Cylindrical and spherical coordinate systems. Tensors and tensor transformations. The Dirac delta function, and integrals and derivatives of the delta function. Functions of complex variables, analytic functions, and these residue theorem. Fourier series, integrals, and transforms.', 'Prerequisites: PH-UY 2023 and MA-UY 2114; Co-requisites: PH-UY 2033 and (MA-UY 1044 or MA-UY 2034 or MA-UY 3054)'),
('MA', 'MA-UY 4014', 'Theory of Numbers', 4, 'Divisibility and prime numbers. Linear and quadratic congruences. The classical number-theoretic functions. Continued fractions. Diophantine equations.', 'Prerequisites: C or better in MA-UY 1124 or MA-UY 1424'),
('MA', 'MA-UY 4044', 'Algebra', 4, 'Introduction to abstract algebraic structures, including groups, rings, and fields. Sets and relations. Congruences and unique factorization of integers. Groups, permutation groups, homomorphisms and quotient groups. Rings and quotient rings, Euclidean rings, polynomial rings. Fields, finite extensions.', 'Prerequisites: A grade of C or better in (MA-UY 2114 or MA-UY 2514) and (MA-UY 1044 (formerly 3044) or MA-UY 3054 or MA-UY 3113). Additionally, it is suggested for students to have taken MA-UY 4614 or MA-UY 4644 as a prerequisite. Note: Cannot receive credit for both MA-UY 4044 and MA-UY 4054'),
('MA', 'MA-UY 4054', 'Honors Algebra I', 4, 'Introduction to abstract algebraic structures, including groups, rings, and fields. Sets and relations. Congruences and unique factorization of integers. Groups, permutation groups, group actions, homomorphisms and quotient groups, direct products, classification of finitely generated abelian groups, Sylow theorems. Rings, ideals and quotient rings, Euclidean rings, polynomial rings, unique factorization.', 'Prerequisites:(A grade of A- or better in MA-UY 2114 or a grade or B+ or better in MA-UY 2514) and (a grade of A- or better in MA-UY 1044 (formerly 3044) or MA-UY 3113 or a grade of B+ or better in MA-UY 3054). Additionally, it is suggested for students to have taken MA-UY 4614 or MA-UY 4644 as a prerequisite. Note: Cannot receive credit for both MA-UY 4044 and MA-UY 4054'),
('MA', 'MA-UY 4064', 'Honors Algebra II', 4, 'Fields, finite extensions, constructions with ruler and compass, Galois theory, solvability by radicals.', 'Prerequisite: C or better in MA-UY 4054 or (a grade of A in MA-UY 4044 and instructor permission)'),
('MA', 'MA-UY 4114', 'Applied Statistics', 4, 'An introduction to the mathematical foundations and techniques of modern statistical analysis for the interpretation of data in the quantitative sciences. Mathematical theory of sampling; normal populations and distributions; chi-square, t, and F distributions; hypothesis testing; estimation; confidence intervals; sequential analysis; correlation, regression; analysis of variance. Applications to the sciences. Use of Matlab for doing computations of the statistical measures listed above.', 'Prerequisite: MA-UY 3014 or MA-UY 3514. Anti-requisite: MA-UY 2224'),
('MA', 'MA-UY 4204', '| MA-UY 4204G Ordinary Diff Equations', 4, 'A first course in ordinary differential equations, including analytical solution methods, elementary numerical methods, and modeling. Topics to be covered include: first-order equations including integrating factors; second-order equations including variation of parameters; series solutions; elementary numerical methods including Eulers methods, Runge-Kutta methods, and error analysis; Laplace transforms; systems of linear equations; boundary-value problems. Restricted to Tandon math majors and students with a permission code from the math department. Fulfills ordinary differential equations requirement for the BS Math degree.', 'Prerequisites: C or better in (MA-UY 2114 or MA-UY 2514 or MATH-UH 1020 or MATH-UH 1021 or MATH-SHU 151) and (MA-UY 1044 or MA-UY 3054 or MA-UY 3113 or MATH-UH 1022 or MATH-SHU 140 or MATH-SHU 141). Note: Not open to students who have taken or will take MA-UY 2034 or MA-UY 4254'),
('MA', 'MA-UY 4254', 'HONORS ORDINARY DIFFERENTIAL EQUATIONS', 4, 'This class will develop rigorously the basic theory of Ordinary Differential Equations (ODEs). Existence and uniqueness of solutions to ODEs are first investigated, for linear and nonlinear problems, set on the real line or the complex plane. More qualitative questions are then considered, about the behavior of the solutions, with possible prolongations to various topics in Dynamical Systems theory. Applications to Physics and Biology will appear naturally when discussing examples.', 'Prerequisites: A grade of A- or higher in MA-UY 4614 or a grade of B+ or higher in MA-UY 4644. Anti-requisite: MA-UY 4204 or MA-UY 2034'),
('MA', 'MA-UY 4314', 'Combinatorics', 4, 'Techniques for counting and enumeration including generating functions, the principle of inclusion and exclusion, and Polya counting. Graph theory. Modern algorithms and data structures for graph-theoretic problems.', 'Prerequisite: C or better in MA-UY 1124 or MA-UY 1424'),
('MA', 'MA-UY 4324', 'MATHEMATICS OF FINANCE', 4, 'Introduction to the mathematics of finance. Topics include: Linear programming with application pricing and quadratic. Interest rates and present value. Basic probability: random walks, central limit theorem, Brownian motion, lognormal model of stock prices. Black-Scholes theory of options. Dynamic programming with application to portfolio optimization.', 'Prerequisites: A grade of C+ or better in (MA-UY 2114 or MA-UY 2514) and a grade of C+ or better in (MA-UY 2054 or MA-UY 2224 or MA-UY 2414 or MA-UY 3014 or MA-UY 3022 or MA-UY 3514 or MA-UY 4114)'),
('MA', 'MA-UY 4414', 'APPLIED PARTIAL DIFFERENTIAL EQUATIONS', 4, 'This course gives an overview of PDEs that occur commonly in the physical sciences with applications in heat flow, wave propagation, and fluid flow. Analytical as well as some numerical solution techniques will be covered, with a focus on applications rather than analysis.', 'Prerequisites: MA-UY 2034 or MA-UY 4204 or MA-UY 4254'),
('MA', 'MA-UY 4424', 'NUMERICAL ANALYSIS', 4, 'In numerical analysis one explores how mathematical problems can be analyzed and solved with a computer. As such, numerical analysis has very broad applications in mathematics, physics, engineering, finance, and the life sciences. This course gives an introduction to this subject for mathematics majors. Theory and practical examples using Matlab will be combined to study a range of topics ranging from simple root-finding procedures to differential equations and the finite element method.', 'Prerequisites: A grade of C or better in (MA-UY 2114 or MA-UY 2514) and (or MA-UY 1044 or MA-UY 3034 or MA-UY 3054 or MA-UY 3113) | Anti-Requisite: MA-UY 4524'),
('MA', 'MA-UY 4434', 'Applied Complex Variables', 4, 'A first course in complex analysis, with a focus on applications. Topics to be covered include the complex plane, analytic functions, complex differentiation, the Cauchy-Riemann equations, branch cuts, contour integration, the residue theorem, conformal mapping, applications to potential theory and fluid flow.', 'Prerequisite: A grade of C or better in (MA-UY 2114 or MA-UY 2514) and (MA-UY 1044 or MA-UY 2034 or MA-UY 3054). Note: Not open to students who have taken MA-UY 3113'),
('MA', 'MA-UY 4444', 'Intro to Math Modeling', 4, 'Formulation and analysis of mathematical models. Mathematical tools include dimensional analysis, optimization, simulation, probability, and elementary differential equations. Applications to biology, sports, economics, and other areas of science. The necessary mathematical and scientific background will be developed as needed. Students participate in formulating models as well as in analyzing them.', 'Prerequisites: A grade of C or better in (MA-UY 2114 or MA-UY 2514) and (MA-UY 2034 or MA-UY 1044 (formerly MA-UY 3044) or MA-UY 3054)'),
('MA', 'MA-UY 4474', 'Chaos and Dynamical Systems', 4, 'Topics will include dynamics of maps and of first order and second-order differential equations, stability, bifurcations, limit cycles, dissection of systems with fast and slow time scales. Geometric viewpoint, including phase planes, will be stressed. Chaotic behavior will be introduced in the context of one-variable maps (the logistic), fractal sets, etc. Applications will be drawn from physics and biology. There will be homework and projects, and a few computer lab sessions (programming experience is not a prerequisite).', 'Prerequisites: C or better in (MA-UY 1124, MA-UY 1424 or MA-UY 1132 and (MA-UY 1044, MA-UY 3054 or MA-UY 3113)'),
('MA', 'MA-UY 4524', 'Honors Numerical Analysis', 4, 'This course will cover the analysis of numerical algorithms which are ubiquitously used to solve problems throughout mathematics, physics, engineering, finance, and the life sciences. Topics include: algorithms for solving nonlinear equations; optimization; finding eigenvalues/eigenvectors of matrices; computing matrix factorizations and performing linear regressions; function interpolation, approximation, and integration; basic signal processing using the Fast Fourier Transform; Monte Carlo simulation. An introduction to programming will be provided as it is an integral part of numerical analysis, but students should feel quite comfortable programming on their own (or be exceptionally willing to learn along the way).', 'Prerequisites: (Grade of A- or above in MA-UY 2114 OR grade of B+ or above in MA-UY 2514) AND ((grade of A- or above in MA-UY 1044 OR MA-UY 3113) OR grade of B+ or above in MA-UY 3054) AND programming experience strongly recommended (e.g. julia, Matlab, or numpy) but not required (there is a programming component to this course). Anti-Requisites: MA-UY 4424'),
('MA', 'MA-UY 4614', 'Applied Analysis', 4, 'Limits of real and complex sequences and series; topology of metric spaces; continuity and differentiability of functions; definition, properties, and approximations of Riemann integrals; convergence of sequences and series of functions; Fourier series and other orthogonal systems of functions, approximations theorems.', 'Prerequisites: (MA-UY 2114 or MA-UY 2514) and (MA-UY 1044 or MA-UY 2034 or MA-UY 3034 or MA-UY 3054) and Junior level standing or above. | Anti-Requisite: MA-UY 4644'),
('MA', 'MA-UY 4644', 'HONORS ANALYSIS I', 4, 'This is an introduction to the rigorous treatment of the foundations of real analysis in one variable. It is based entirely on proofs. Students are expected to know what a mathematical proof is and are also expected to be able to read a proof before taking this class. Topics include: properties of the real number system, sequences, continuous functions, topology of the real line, compactness, derivatives, the Riemann integral, sequences of functions, uniform convergence, infinite series and Fourier series. Additional topics may include: Lebesgue measure and integral on the real line, metric spaces, and analysis on metric spaces.', 'Prerequisites: A grade of A- or better in (MA-UY 2114 or MA-UY 2514) and (MA-UY 1044 or MA-UY 2034 or MA-UY 3054) and Junior level standing or above. Recommended: MA-UY 2514 Honors Calculus III and MA-UY 3054 Honors Linear Algebra with a grade of B+ or better. | Anti-Requisite: MA-UY 4614'),
('MA', 'MA-UY 4654', 'HONORS ANALYSIS II', 4, 'This is a continuation of MATH-UA 328/MA-UY 4644 Honors Analysis I. Topics include: metric spaces, differentiation of functions of several real variables, the implicit and inverse function theorems, Riemann integral on Rn, Lebesgue measure on Rn, the Lebesgue integral.', 'Prerequisites: A grade of C or better in MA-UY 4644 or a grade of A in MA-UY 4614 in conjunction with permission by instructor'),
('MA', 'MA-UY 4674', 'Differential Geometry', 4, 'The differential properties of curves and surfaces. Introduction to manifolds and Riemannian geometry.', 'Prerequisites: C or better in (MA-UY 2114 or MA-UY 2514) and (MA-UY 1044, MA-UY 3054 or MA-UY 3113)'),
('MA', 'MA-UY 4684', 'Topology', 4, 'Set-theoretic preliminaries. Metric spaces, topological spaces, compactness, connectedness, covering spaces, and homotopy groups.', 'Prerequisites: A grade of C or better in (MA-UY 4614 or MA-UY 4644)'),
('MA', 'MA-UY 4814', 'Honors I', 4, 'A lecture/seminar course on advanced topics. Topics vary yearly and are updated from time to time. Detailed course descriptions are available during preregistration.', 'Prerequisite varies according to topic. Department Consent Required for Enrollment'),
('MA', 'MA-UY 4824', 'Honors II', 4, 'A lecture/seminar course on advanced topics. Topics vary yearly and are updated from time to time. Detailed course descriptions are available during preregistration.', 'Prerequisite varies according to topic. Department Consent Required for Enrollment'),
('MA', 'MA-UY 4834', 'Honors III', 4, 'A lecture/seminar course on advanced topics. Topics vary yearly and are updated from time to time. Detailed course descriptions are available during preregistration.', 'Prerequisite varies according to topic. Department Consent Required for Enrollment'),
('MD', 'MD-UY 2164', 'History and Social Impact of Mass Media Communications', 4, 'This course covers the history and social impact of mass media from Gutenberg’s invention of the printing press until today. The focus is not only on the technological aspects of these media, but also on how their development and later widespread adoption directly and indirectly affected the contemporary socio-cultural environment.', 'Prerequisites: Completion of first year writing requirements. Co-requisites: None. Notes: Satisfies a HuSS elective'),
('MD', 'MD-UY 2314', '| MD-UY 2314G Interactive Narrative', 4, 'This course introduces students to the complex relationship between interactivity and storytelling. Students analyze how an interactive structure creates narrative. Works explored in this course range from nonlinear novels, experimental literature, audio narratives, theater/performance to film as narrative databases and games. The study of the structural properties of narratives that experiment with digression, multiple points of view, disruptions of time, space, and storyline is complemented by theoretical texts about authorship/readership, plot/story, and characteristics of interactive media.', 'Prerequisite: Completion of first year writing requirements. Note: Satisfies HuSS elective'),
('MD', 'MD-UY 2314G', '| 4 units', 4, 'Class Times are shown in the Los Angeles, CA, USA time zone. Make sure you convert to your local time zone, if needed. 01/21/2025 - 05/01/2025 Thu 6.30 PM - 9.30 PM', ''),
('ME', 'ME-UY 1012', 'Introduction to Mechanical Engineering', 2, 'This course introduces students to the range of mechanical engineering and emphasizes the basic principles and devices for storing and using energy, directing motion and satisfying needs. Case studies look at design issues and related ethical and professional practice issues. Emphasis is on a mindset of exploration. Engineering standards and standard parts. Teams work on and present two design challenges.', 'Prerequisite: Only first-year students are permitted to enroll in this course'),
('ME', 'ME-UY 2123', 'Engineering Design Methods', 3, 'Engineering graphics and its role in the engineering design process. Visualization skills, the design process, design layouts and the blueprint as a tool for communication. The use of manual and computer-aided tools for the preparation of engineering drawings. Projection theory as it pertains to the generation of multi-view drawings: Orthographic, Auxiliary and Section views, Dimensioning and tolerancing. Fasteners. An introduction to manufacturing processes and model making. Introduction to FEA. Testing and evaluation. Prototyping and the use of the MakerSpace. Anti-Requisite: ME-UY 2112', ''),
('ME', 'ME-UY 2213', 'Statics', 3, 'The course covers three-dimensional vector treatment of the static equilibrium of particles and rigid bodies. Topics: Equivalent force and couple systems. Distributed force systems. Static analysis of trusses, frames and machines. Friction, impending motion. Methods of virtual work.', 'Prerequisite: PH-UY 1013 and MA-UY 1024'),
('ME', 'ME-UY 2223', 'Dynamics', 3, 'The course explores three-dimensional treatment of the kinematics of particles and rigid bodies using various coordinate systems, Newton’s laws, work, energy, impulse, momentum, conservative force fields, impact and rotation and plane motion of rigid bodies.', 'Prerequisite for Brooklyn Students: ME-UY 2213 | Prerequisite for Abu Dhabi Students: ENGR-UH 2011'),
('ME', 'ME-UY 2813', 'Introduction to Materials Science', 3, 'Students in this course become familiar with atomic structure and bonding, atomic arrangement in crystals, crystal imperfections, mechanical behavior and failure of materials and binary phase diagrams.', ''),
('ME', 'ME-UY 3213', 'Mechanics of Materials', 3, 'The course examines the Concept of Stresses and Strains in two and three dimensions, Stress-strain relationships, Stress transformation, Strain transformation, Axial members, Torsion of shafts, Bending of beams.', 'Prerequisites for Brooklyn Students: ME-UY 2213 and MA-UY 1124 | Prerequisite for Abu Dhabi Students: ENGR-UH 2011'),
('ME', 'ME-UY 3231', 'Structures Practicum', 1, 'The course covers elastic material phenomena, aspects of machines, and the experimental methods of strain and stress.', 'Prerequisite: ME-UY 3213, Co-requisite: ME-UY 3233, Anti-requisite: ME-UY 3211'),
('ME', 'ME-UY 3233', 'Machine Design', 3, 'This course introduces students to fundamentals of machine elements, enabling them to employ this knowledge to design machines for various practical applications. The course begins with a brief review of stress, deformation and failure, followed by friction and wear. Subsequently, loaded columns, pressurized cylinders and shafts are presented. Bearings, gears, screws, springs, brakes, clutches and belts are discussed. The course ends with an introduction to MEMS, Micro-Electro Mechanical Systems.', 'Prerequisite for Brooklyn Students: ME-UY 3213'),
('ME', 'ME-UY 3243', 'Vibration Fundamentals & Design', 3, 'Many products are designed against vibration and shock specifications. This course outlines the theory in a simplified way, how it is applied in practical settings, and physical testing techniques (e.g., use of the instrumentation and equipment in the MakerSpace).', 'Prerequisites: PH-UY 1013, MA-UY 2034, and (CS-UY 1113 or CS-UY 1133). Anti-requisite: ME-UY 4223'),
('ME', 'ME-UY 3313', 'Fluid Mechanics', 3, 'This course introduces fluid kinematics, hydrostatics and thermodynamics. Topics: Basic conservation laws in integral form for a control volume. Conservation of mass, momentum, angular momentum and energy for flow. Inviscid flow: Bernoulli’s and Euler’s equations. Viscous flow: flows in pipes and ducts, head loss and friction factor.', 'Prerequisite for Brooklyn Students: MA-UY 2114, Co-requisite: ME-UY 3333 | Prerequisite for Abu Dhabi Students: ENGR-UH 3710 and MATH-UH 1020'),
('ME', 'ME-UY 3333', 'THERMODYNAMICS', 3, 'The course centers on properties of pure substances; concepts of work and heat; closed and open systems. Topics: Fundamental laws of thermodynamics. Carnot and Clasius statements of the 2nd law; entropy and entropy production; heat engines, refrigerators, heat pumps; efficiencies, coefficients of performance.', 'Prerequisite for Brooklyn Students: MA-UY 1124 | Prerequisite for Abu Dhabi Students: MATH-UH 1020'),
('ME', 'ME-UY 3411', 'Automatic Control Laboratory', 1, 'The course covers system ID, modeling, identification and control of RC electrical network and a DCservo motor, modeling and control of a maglev system, rotary inverted pendulum and a coupled water tank system.', 'Prerequisite: ME-UY 3511. Co-requisite: ME-UY 3413'),
('ME', 'ME-UY 3413', 'Automatic Control', 3, 'The course examines dynamic system modeling, analysis and feedback control design with extensive, hands-on computer simulation. Topics: Modeling and analysis of dynamic systems. Description of interconnected systems via transfer functions and block/signal flow diagrams. System response characterization as transient and steady-state responses and error considerations. Stability of dynamical systems: Routh- Hurwitz criterion and Nyquist criterion. Graphical methods for dynamical system analysis and design: root locus and Bode plot. Computer-aided feedback control design for mechanical,aerospace, robotic, thermo-fluid and vibratory systems.', 'Prerequisite for Brooklyn Students: ME-UY 3513, Co-requisite: ME-UY 3411s'),
('ME', 'ME-UY 3511', 'Measurement Systems Laboratory', 1, 'The course covers electric measurements, data acquisition, passive and active filters for signal conditioning, temperature, position, velocity and acceleration measurements.', 'Co-requisite: ME-UY 3513'),
('ME', 'ME-UY 3513', 'Measurement Systems', 3, 'The course focuses on electrical circuits and components, filtering, dynamic measurement system response characteristics, analog signal processing, digital representation, data acquisition, sensors. Study of measurement systems via computer simulation.', 'Prerequisites for Brooklyn Engineering Students: PH-UY 2023, Co-requisite ME-UY 3511 | Prerequisites for Abu Dhabi Students: ENGR-UH 2019 | Co-requisite: ME-UY 3511'),
('ME', 'ME-UY 3811', 'Materials Science Laboratory', 1, 'Students learn to characterize the microstructure and crystal structure of a material by optical and scanning electron microscopy and X-ray diffraction. The mechanical characterization is accomplished by hardness, tensile and yield strength, impact and fatigue testing.', 'Prerequisite: ME-UY 2813'),
('ME', 'ME-UY 4103', 'Senior Design I', 3, 'This is the first of two courses dedicated to the capstone design experience in mechanical engineering. In this first course, the students identify and define a project to design, build, and test. Following a product realization process, the preliminary design of their chosen project is completed along with some early prototyping. Building effective teams and communication skills are also emphasized.', 'Prerequisites: ME-UY 2112, Co-requisite: ME-UY 4214 and any 2 of the following (ME-UY 3233, ME-UY 3413 or ME-UY 4313)'),
('ME', 'ME-UY 4113', 'Senior Design II', 3, 'This is the second of two courses dedicated to the capstone design experience in mechanical engineering and based on knowledge and skills acquired in earlier course work. Topics: Product design, development, building and testing prototype hardware, with an emphasis on teamwork. The Product Realization Process emphasizes incorporation of engineering standards and realistic constraints. The course concentrates on communication skills.', 'Prerequisites: ME-UY 4112'),
('ME', 'ME-UY 4214', 'Finite Element Modeling, Design and Analysis', 4, 'The analysis of complex static and dynamic problems involves three steps: selection of a mathematical model; analysis of the model; interpretation of the predicted response. The course deals with deriving analytical solutions and comparing them with Finite Element Analysis results. Students are required to use state-of-the-art commercial software.', 'Prerequisite for Brooklyn Students: ME-UY 3213, MA-UY 2114 and MA-UY 2034 | Prerequisite for Abu Dhabi Students: ENGR-UH 3210, MATH-UH 1020, MATH-UH 1023 and MATH-UH 1024'),
('ME', 'ME-UY 4312', 'Thermo-Fluids Practicum', 2, 'The hands-on application of Fluid Mechanics and Heat Transfer principles to problems of practical interest. Basic instrumentation, data collection and post-processing, statistical analysis and report writing are introduced. This course consists of a set of real-world scenarios that challenge students, working in teams, to integrate and apply previously acquired basic knowledge in mechanical engineering and in particular the thermal-fluid sciences.', 'Prerequisite: ME-UY 3313, Co-requisite: ME-UY 4313, Anti-requisite: ME-UY 4311'),
('ME', 'ME-UY 4313', 'Heat Transfer', 3, 'The course introduces modes of conduction, convection and radiation heat transfer. Topics: Analysis of multidimensional geometries for the conduction mode. Unsteady conduction. Numerical methods of analysis. Introduction to convection. Internal and external convection. Natural convection and boiling and condensation. Principles of radiative heat transfer.', 'Prerequisite for Brooklyn Students: ME-UY 3313 and ME-UY 3333 | Prerequisite for Abu Dhabi Students: ENGR-UH 2212 and ENGR-UH 3710'),
('ME', 'ME-UY 4363', 'Heating, Ventilation and Air Conditioning', 3, 'This course reviews thermodynamic principles, psychometric chart and psychometric analysis, comfort air conditioning and indoor air quality, heating and cooling system, HVAC system design and equipment selection.', 'Prerequisites: ME-UY 4313'),
('ME', 'ME-UY 4653', 'Introduction to BioMEMS and Microfluidics', 3, 'This course targets to: (1) introduce fundamental design and microfabrication concepts of BioMEMS, microfluidics and lab-on-chip systems, (2) expose students to the relevant biomedical and biological applications. The course is divided into three main sections: (i) BioMEMS/Microfluidic materials and microfabrication, (ii) BioMEMS sensors and actuators, and (iii) Microfluidic and Lab-on-chip systems.', 'Prerequisites for Brooklyn Students: ME-UY 2813, ME-UY 3513 and BMS-UY1004 | Prerequisites for Abu Dhabi Students: ENGR-UH 2012, ENGR-UH 3120 and ENGR-UH 3110');
INSERT INTO `courses` (`departmentID`, `courseID`, `course_name`, `credits`, `course_description`, `prerequisite`) VALUES
('ME', 'ME-UY 4853', 'Manufacturing Engineering and Processes', 3, 'This course introduces the manufacturing processes for fabricating components used in mechanical systems; casting processes; bulk metal deformation and sheet-metal forming processes; materials-removal processes; Joining and fastening processes; manufacturing automation; and integrated manufacturing systems.', 'Prerequisites for Brooklyn Students: ME-UY 2813 | Prerequisites for Abu Dhabi Students: ENGR-UH 3120'),
('ME', 'ME-UY 4983', 'SPECIAL TOPICS IN MECH ENGR', 3, 'ADVANCED CAD INTELLECTUAL PROPERTY ISSUES AND POLICIES FOR ENGI AUTOMOTIVE ENGINEERING FINITE VOLUME METHOD IN COMPUTATIONAL FLUID DYNAMI INTERSECTIONS OF EG, LAW & BUS', ''),
('MG', 'MG-UY 1002', 'FOUNDATIONS OF TECHNOLOGY MANAGEMENT', 2, 'This course introduces the principles and practices of management. Management is viewed as a system of tasks and activities, including environmental scanning, planning, organizing, leading and controlling. Within each major task, is a series of processes, which show how to do what has to be done. Management is a science and an art; both aspects of management are covered in this course. Areas covered are management history, philosophy and the theory and practice of management planning, decision making, organizing, motivating and leading. Special emphasis is on providing the technical and managerial challenges presented by emerging and transformative technologies. Particular consideration is given to the managerial options available to both legacy and entrepreneurial organizations.', ''),
('MG', 'MG-UY 2014', 'Operations Management', 4, 'A firm has the opportunity to create competitive advantage through proficient operations management. To do so, the firm first must recognize and establish the strategic role of its operations within the organization. Then, at the more detailed operational level, the firm must execute effectively and efficiently. This course examines the strategic role that the operations function can play and offers specific tools and techniques that a firm can use during implementation.', 'Prerequisite: MA-UY 1024 or MA-UY 1054 or MA-UY 1324 or an approved equivalent'),
('MG', 'MG-UY 2024', 'Management of Business Information Systems and Data Technology', 4, 'This course provides recent coverage of information systems and computing technologies as they relate to effective decision-making process in technology management. The course explores the applications of MIS as a competitive tool and discusses the applications of this growing technology in business functional areas. The global, social, ethical, legal and organizational issues of MIS will be investigated. The course also provides a thorough coverage of the technology component of this fast-growing field and examines popular Internet business models. The new trends in Big Data will be explored and its technologies, applications, and various platforms will be investigated. The students will investigate these various issues by in-depth research, literature review, case studies, and active class participations and presentations.', ''),
('MG', 'MG-UY 2104', 'Organizational Behavior', 4, 'This course focuses on the study of human behavior in innovative organizations. Emphasis is on teams, leadership, communication theory and organizational culture and structure. The course includes analyses of organizational behavior problems through case studies and participation in experiential learning.', ''),
('MG', 'MG-UY 2204', 'Financial Accounting', 4, 'This course provides a solid foundation in constructing and interpreting financial statements. Topics include: accounting terminology, financial-statement preparation and analysis, liquidity and credit-risk ratios, depreciation calculations, revenue recognition, accrued liabilities and asset valuation. Also covered are the effects of equity transactions, cash flows and various accounting methods on financial statements.', ''),
('MG', 'MG-UY 2304', 'Marketing', 4, 'This course is an undergraduate introduction to marketing. It discusses the fundamentals of marketing; e.g., the marketing mix, the role of the customer, marketing research and survey techniques. In addition, emerging marketing paradigms, like relationship marketing and online marketing, are introduced.', ''),
('MG', 'MG-UY 2624', 'Business Economics', 4, 'The course is an introduction to economics, primarily from a management perspective. The microeconomics component covers price theory, production and cost theory, the theory of the firm and market theory, with emphasis on the practical relevance of these to the management of technology-intensive enterprises. The macroeconomics component covers elements of macroeconomics that inform business decision-making: GDP, inflation, economic growth and money and interest rates. Note: The course will satisfy an HuSS general education requirement.', 'Prerequisites: MA-UY 1024 or MA-UY 1324. Anti-requisite: FIN-UY 2003'),
('MG', 'MG-UY 2701', 'Fundamentals in Design Thinking', 1, 'Design thinking provides a framework for creative problem solving and innovation processes, and is increasingly used across all sectors. This course will provide students with an introduction to selected aspects in design thinking, and show how it can be beneficial throughout their academic and work careers. The course covers an introductory background and history to design thinking and its application to business and innovation, in order to motivate study; an introduction to the philosophy and psychology of creativity in order to underpin and support design thinking practice; and an introduction to developing team work, and transferable skills in project planning and project management.', 'Prerequisite: Must be BTM major'),
('MG', 'MG-UY 2704', 'DESIGN THINKING FOR CREATIVE PROBLEM SOLVING', 4, 'In today’s world, developing new and innovative products and services is the \"golden mantra\" of every organization. Companies are therefore looking for creative, innovative and collaborative employees. This course will introduce participants to design thinking, a human-centered approach to innovation that allows us to create meaningful and sustainable solutions (products, services, technology, experience, etc.). Probable Tandon MakerSpace related material fees.', 'Prerequisite: MakerSpace Safety Course'),
('MG', 'MG-UY 3002', 'Project Management', 2, 'This course provides students with practical and best-practice project management theory, concepts and (hands-on) practical experience so that they may contribute effectively to and lead multicultural team projects framed for the new global economy. The practical component includes a team-based project that spans the duration of the course.', ''),
('MG', 'MG-UY 3204', 'Introduction to Finance', 4, 'This course introduces business finance for BTM majors. It emphasizes the financing and investment decisions of the financial manager, with special emphasis on examples from technological environments. Included are topics such as time value of money, asset valuation, risk analysis, financial statement analysis and capital budgeting.', 'Prerequisites: MA-UY 1024 or MA-UY 1054 or MA-UY 1324 or an approved equivalent; and MA-UY 1124 or MA-UY 1154 or MA-UY 1424 or an approved equivalent; and MG-UY 2204'),
('MG', 'MG-UY 3214', 'Advanced Corporate Finance', 4, 'This course builds on the principles of basic corporate finance covered in MG-UY 3204. It prepares students to understand financial theory and how firms use modern finance for strategic and tactical decision-making. The critical issue of how these decisions affect the value of a firm and the returns of assets is addressed. Major topics include bond valuation, the CAPM model, portfolio design and modeling and option pricing using the Black-Scholes model. A strong emphasis is placed on using spreadsheets as a financial-modeling tool.', 'Prerequisites: MA-UY 1024 or MA-UY 1054 or MA-UY 1324 or an  approved equivalent; and MA-UY 1124 or MA-UY 1154 or MA-UY 1424 or an approved equivalent; and MG-UY 3204'),
('MG', 'MG-UY 3224', 'Management Science', 4, 'This course teaches students to create mathematical models of managerial problems. Types of models discussed include linear programming, integer-linear programming, non-linear programming, queuing models, decision-tree models, game-theoretic models, simulation models, inventory models and more. Each model is discussed in the context of the assumptions necessary for modeling and the robustness of the model’s managerial recommendations.', 'Prerequisites: 8 credits of calculus: MA-UY 1024 or MA-UY 1054 or MA-UY 1324 or an approved equivalent; and MA-UY 1124 or MA-UY 1154 or MA-UY 1424 or an approved equivalent; and MA-UY 2054 or MA-UY 2224 or MA-UY 2212 and MA-UY 2222'),
('MG', 'MG-UY 3304', 'Introduction to Supply Chain Management', 4, 'This course provides an undergraduate-level introduction to supply-chain management. The underlying objective is to introduce key supply-chain management concepts and examine relevant business practice. This course enables students to develop useful skills, in an increasingly global context, to analyze marketing, logistics, operations and channel-management issues.', 'Prerequisites: MG-UY 2004, MG-UY 2304 and MA-UY 2054 or MA-UY 2224 or MA-UY 2212 with MA-UY 2222'),
('MG', 'MG-UY 3404', 'Innovation Management', 4, 'This course examines the key managerial features of technology-enabled innovation and new product development. It focuses on accessing innovative capabilities through R&D, acquisition, alliances, joint ventures and innovation-friendly cultures and organizations. The key perspective underlying this course is managerial. Although the innovation activities studied are overwhelmingly technology-enabled ones, success is largely determined by managerial factors. The interplay between the technology and management leading to innovation is a major concern of the discussion and work in this course.', 'Prerequisite: Junior student status'),
('MG', 'MG-UY 3714', 'DESIGN STRATEGIES', 4, 'As change has become one of the only constants in today’s economy, established businesses are being disrupted, and business strategies need to be constantly reframed. To be successful companies cannot only acquire more customers. They also need to successfully their customers’ changing needs, leverage technology to create new value propositions that are meaningful to them and generate revenues and sustainable growth for the business. To address these new demands, managers and entrepreneurs alike need a different set of tools and frameworks. Design thinking, a human-centered approach to innovation, one that starts with understanding what customers need and strategically connects to the organization offers such as set of tools. This course draws on design thinking to equip students taking this class with tools to address business challenges and develop innovative new products, services, and brand experiences, transformative value propositions and creative strategies and business models. The course’s premise is that strategy is design rather than simply problem-solving. In other words, to resolve a given strategic issue, one needs to truly explore options before making a choice. Participants in this class will learn tools and develop skills that allow them to explore multiple options and develop new, creative and sustainable strategies. This course draws on design thinking to equip students taking this class with tools to address business challenges and develop innovative new products, services, and brand experiences, transformative value propositions and creative strategies and business models', ''),
('MG', 'MG-UY 3724', 'HUMAN-CENTERED PRODUCT DESIGN STUDIO', 4, 'This course is an industrial design overview for non-designers. It explores the industrial design process from researching and establishing user and client needs to developing product specifications, prototyping and iterating. It also covers conceptual and visual design, detail design, design for manufacturing, and design for environmental sustainability. It includes skills such as sketching, model making, 3 D printing techniques. The course is formulated as two short exercises and one semester-long project in which teams choose from several product design categories and develop their ideas from concept to prototype. Probable Tandon MakerSpace related material fees.', 'Prerequisite: MakerSpace Safety Course'),
('MG', 'MG-UY 3734', 'SERVICE DESIGN INNOVATION', 4, 'Products are used not in isolation but as part of a wider mesh of artifacts and interactions, both digital and non-digital. The discipline of service design takes this holistic view of a process or product, considering not just the use of an artifact but the wider service it is situated within across several ‘touch points’. With a growing service-based economy, in many cases the product is the service, which challenges conventional views of what the designer creates. Services are complex to understand and design, and require a participatory approach with deep engagement with stakeholders. This Service Design Innovation course is for students with various backgrounds and diverse interests for their future careers: technologists who want to understand how the technology can support service innovation; designers who want to broaden their skills; product and project managers who want to understand the relationship between products, services, and design; policy makers who want to understand how to develop human-centered policies that create real impact; managers and entrepreneurs who want to understand how to create new innovative and sustainable system offerings.', ''),
('MG', 'MG-UY 4004', 'Management Strategy in Technology Sectors', 4, 'This course provides an overview of the process of implementing a successful management strategy in an information-, technology- and knowledge-intensive environment. Fundamental topics include the development of strategic vision, objectives and plans; implementation of strategy and the evaluation of performance; industry and competitive analysis; SWOT analysis and competitive advantage and sustained advantage. Advanced concepts include strategic positioning in global markets, Internet strategy, strategy in diversified firms, and interactions between organizational structure and strategy and between ethics and strategy.', 'Prerequisites: MG-UY 3204 and MG-UY 3404'),
('MG', 'MG-UY 4214', 'Financial Strategy', 4, 'This course deals with the financial strategy of modern firms. Topics include planning and implementation of financial strategies for start-up businesses and the utilization of venture capital; diverse issues related to designing financial strategies of rapidly growing companies after experiencing an IPO; challenges in constructing a financial strategy while undergoing a major corporate restructuring; key components of financial strategies for companies facing rapidly changing technological and competitive environments; and development of financial strategies for mature companies and declining business.', 'Prerequisites: MG-UY 2204, MG-UY 3204 and MG-UY 3214'),
('MG', 'MG-UY 4404', 'ENTREPRENEURSHIP', 4, 'This course focuses on key aspects of entrepreneurship as a critical engine for innovation. It also treats entrepreneurship as a state of mind that is not limited to small firms. Students discuss current theories and practices related to starting and managing entrepreneurial enterprises, emphasizing firms in technology- , information- and knowledge-intensive environments. Particular attention is paid to the critical issues of (1) identifying opportunities that provide competitive advantage; (2) the development of a solid business plan; (3) the marketing of new ventures; (4) entrepreneurial business operations, including human-resource and process management; (5) ethical and social issues in entrepreneurial firms; and (6) financial management and fund raising for entrepreneurial firms.', 'Prerequisites: Junior or senior student status'),
('MG', 'MG-UY 4504', 'Global Perspectives on Technology Management: A Capstone Project Course', 4, 'This course provides students with knowledge of current theories and practices related to managing international and multinational firms. Students study the ways in which international management differs from the management of a firm residing solely within domestic boundaries. Topics covered include planning, organizing, HR management, communication and negotiation and coordination and control of international endeavors. Case studies are used extensively to focus the class on technological examples of problems in international management. Students undertake a term project that either (1) develops a business plan for a technological international venture, (2) creates a case study of a technological firm’s challenges in international management or (3) analyzes an technological industry’s position vis-à-vis international management.', 'Prerequisites: MG-UY 3002, MG-UY 3024, MG-UY 3204, MG-UY 3404, and MG-UY 3214 or MG-UY 3304'),
('MG', 'MG-UY 4603', 'Technology Management—Internship and Service', 3, 'This course provides undergraduate students with the opportunity to learn by working in the field under faculty supervision. This course exposes undergraduates to relevant, state-of-the-art and best practices in modern technology management from the perspective of reflective involvement and interaction in the field. In addition, a service often may be a significant part of this course. The course occurs largely in the field. A member of the TM & I faculty oversees this course; but other faculty members may be involved in directing specific field assignments. This course is open to all BTM majors and requires the permission of the Program Director of the BTM Program. Note: BTM Students may enroll in a maximum of 6 total pre-approved internship related credits which will only count towards Free Electives.', ''),
('PH', 'PH-UY 1002', 'Physics: The Genesis of Technology', 2, 'This course introduces contemporary topics in physics, along with readings and discussions of topics with technological implications.', 'Prerequisite: Only first-year students are permitted to enroll in this introductory level course'),
('PH', 'PH-UY 1013', 'MECHANICS', 3, 'This course is the first of a three-semester lecture sequence in general physics for science and engineering students. Motion of particles and systems of particles. One-dimensional motion. Vectors and two-dimensional motions. Forces and acceleration. Conservation of energy and momentum. Rotations. The free and driven harmonic oscillator. Gravitation. (This class meets four hours per week for lectures and recitation.)', 'Prerequisites: MA-UY 1024 or an approved equivalent. Corequisites: MA-UY 1124 or approved equivalent, and EX-UY 1'),
('PH', 'PH-UY 1213', 'MOTION AND SOUND', 3, 'PH-UY 1213 Motion and Sound. (3:0:1:3) First of a two courses introductory sequence in general physics for majors other than science or engineering. (Not an acceptable substitute for PH-UY 1013) One-dimensional motions. Vectors and Two-Dimensional Motions. Newtons Laws of motion. Conservation Laws of Energy and Momentum. Collisions. Rotational motions. Gravity. Statics and Elasticity. Fluids. Oscillations. Mechanical Waves. Superposition and Standing Waves. Sound and Acoustics.', 'Co-requisite: EX-UY, Anti-requisite: PH-UY 1013'),
('PH', 'PH-UY 1223', 'ELECTRICITY AND LIGHT', 3, 'Second of two introductory courses in general physics for non science or engineering majors. (Not an acceptable substitute for PH-UY 2023 or PH-UY 2033) Electric forces and fields. Electric potential and capacitance. Electric current. Magnetic forces and fields. Faradays law and inductance. Maxwells Theory of Electromagnetism. Electromagnetic waves. Light and Color. Geometrical optics. Image Formation. Interference and diffraction.', 'Prerequisite(s): PH-UY 1213 or PH-UY 1013; Co-requisite: EX-UY 1'),
('PH', 'PH-UY 2002', 'Introduction to Quantum Science', 2, 'This course offers an introduction to the essential concepts of quantum mechanics. Topics covered include basic principles like superposition, measurement and entanglement, along with elementary mathematical models such as wave functions and probability amplitudes. While the course does involve mathematical descriptions, the emphasis is on developing an intuitive understanding of quantum principles.', 'Prerequisites: PH-UY 1013 and MA-UY 1124'),
('PH', 'PH-UY 2012', 'Introduction to Quantum Programming', 2, 'This course offers an accessible introduction to quantum programming. Students will explore fundamental quantum algorithms and learn to implement them using popular quantum programming languages and frameworks, with a particular focus on Python-based tools. Topics will include qubits, quantum gates, quantum circuits, and essential quantum algorithms like Deutsch-Josza and Grovers algorithm.', 'Prerequisites: PH-UY 2002 and CS-UY 1114'),
('PH', 'PH-UY 2023', '| PH-UY 2023G ELECTRICITY, MAGNETISM, & FLUIDS', 3, 'This is the second course of a three-semester lecture sequence in general physics for science and engineering students. Fluids at rest and in motion. An introduction to electric and magnetic forces and fields. Electric charge density. Electric fields from simple charge distributions. Electric potential. Capacitance. Magnetic forces. Magnetic field from a current loop. Inductance. Magnetism in matter. Current and resistance. (This class meets four hours per week for lectures and recitation.)', 'Prerequisites: PH-UY 1013 and MA-UY 1124 or an approved equivalent. Co-requisite: EX-UY 1'),
('PH', 'PH-UY 2023G', '| 3 units', 3, 'Class Times are shown in the London, England time zone. Make sure you convert to your local time zone, if needed. 09/02/2024 - 12/06/2024 Tue,Thu 2.30 PM - 3.45 PM', ''),
('PH', 'PH-UY 2033', '| PH-UY 2033G WAVES, OPTICS, & THERMODYNAMICS', 3, 'This is the third course of a three-semester lecture sequence in general physics for science and engineering students. Water, sound and electromagnetic waves. Reflection, scattering and absorption. Standing waves and spectra. Superposition, diffraction and beats. Geometrical optics. Introduction to thermodynamics; temperature, heat, and entropy. (This class meets four hours per week for lectures and recitation.)', 'Prerequisites: PH-UY 2121 and PH-UY 2023. Co-requisites: EX-UY 1'),
('PH', 'PH-UY 2104', 'Analytical Mechanics', 4, 'The course covers statics by virtual work and potential energy methods. Stability of equilibrium. Particle dynamics, harmonic oscillator and planetary motion. Rigid body dynamics in two and three dimensions. Lagrangian mechanics. Dynamics of oscillating systems.', 'Prerequisite: PH-UY 2023; Co-requisite: MA-UY 2034'),
('PH', 'PH-UY 2121', '| PH-UY 2121G General Physics Laboratory I', 1, 'PH-UY 2121 General Physics Laboratory I (0.5:1:0:1). An introductory level experimental course. Fundamental laboratory experiments in classical mechanics and electrostatics. Stresses basic experimental techniques, error analysis, and written presentation of experiment results. Experiments require progressively more detailed and sophisticated analysis. This laboratory class meets for three hours on alternate weeks.', 'Prerequisites: PH-UY 1013 and MA-UY 1124 or equivalent. Co-requisite: PH-UY 2023'),
('PH', 'PH-UY 2121G', '| 1 units', 1, 'Class Times are shown in the London, England time zone. Make sure you convert to your local time zone, if needed. 09/02/2024 - 12/06/2024 Mon 9.30 AM - 12.20 PM', ''),
('PH', 'PH-UY 2131', '| PH-UY 2131G General Physics Laboratory II', 1, 'PH 2131 General Physics Laboratory II (0.5:1:0:1). The second part of the introductory physics laboratory program. Fundamental laboratory experiments in E&M, waves, optics, and thermodynamics. Stresses experimental models and design, error and data analysis. This laboratory class meets for three hours on alternate weeks.', 'Prerequisites: PH-UY 2121 and PH-UY 2023. Corequisite: PH-UY 2033'),
('PH', 'PH-UY 2344', 'INTRODUCTION TO MODERN AND SOLID STATE PHYSICS', 4, 'Special theory of relativity, Michelson Morley experiment. Planck’s quantum hypothesis, photoelectric effect, Compton effect, Rutherford scattering, Bohr’s atom, DeBroglie wavelength, electron diffraction, wave function, uncertainty principle, Schrodinger equation. Application to: square well potential, one electron atom. Atomic nucleus, fission and fusion. Energy bands in a periodic lattice, Kronig Penney model, valence, conduction bands, impurity states, electron mobility. Semiconductor properties. Introduction to superconductivity; electron pairs, energy gap, Josephson effect.', 'Prerequisites: PH-UY 2023; Co-requisite: PH-UY 2033 and MA-UY 2034'),
('PH', 'PH-UY 2823', 'GEOLOGY AND GEOPHYSICS', 3, 'An introduction to physical geology, familiarizing students with basic geological processes, and emphasizing the interdisciplinary interactions involved.', 'Prerequisites: PH-UY 1013'),
('PH', 'PH-UY 3002', 'JUNIOR PHYSICS LABORATORY', 2, 'An intermediate level laboratory course providing in depth exposure to a selection of classic physics experiments. Students experimental skill set is expanded and data analysis and communication skills developed.', 'Prerequisites: PH-UY 2131 and PH-UY 2033; Co-requisites: PH-UY 2344 and MA-UY 2224'),
('PH', 'PH-UY 3103', 'Fundamentals of Applied Nuclear Physics', 3, 'This course surveys the fundamentals of nuclear physics with application to nuclear engineering. Topics include an introduction to quantum mechanics, nuclear forces and nuclear structure, nuclear stability and reactions, natural and induced radioactivity.', 'Prerequisites: PH-UY 2023'),
('PH', 'PH-UY 3234', 'Electricity and Magnetism', 4, 'The course covers properties of the electrostatic, magnetostatic and electromagnetic field in vacuum and in material media. Maxwell’s equations with applications to elementary problems.', 'Prerequisites: PH-UY 2033 and MA-UY 2114'),
('PH', 'PH-UY 3474', 'Introduction to Modern Optics and Photonics', 4, 'This course covers the physics of optics using both classical and semi-classical descriptions. The classical and quantum interactions of light with matter. Diffraction of waves and wave packets by obstacles. Fourier transform optics, holography, Fourier transform spectroscopy. Coherence and quantum aspects of light. Geometrical optics. Matrix optics. Crystal optics. Introduction to electro-optics and nonlinear optics.', 'Prerequisites: PH-UY 2033'),
('PH', 'PH-UY 3604', '| 4 units', 4, '09/02/2025 - 12/11/2025 Tue,Thu 10.00 AM - 11.50 AM at 2 MetroTech Center Room 845 with Duvvuri, Vikram  Select Class #5595', ''),
('PH', 'PH-UY 3613', 'Mathematical Foundations for Quantum Computing', 3, 'This course provides a rigorous mathematical foundation tailored to support advanced studies in quantum computing. It is designed to bridge the gap between general mathematics education and the specialized mathematical understanding required for in-depth quantum computing work. Topics covered are linear algebra, probability and statistics, differential equations, fourier transforms, complex analysis, and discrete mathematics.', 'Prerequisites: MA-UY 1124 and PH-UY 2002'),
('PH', 'PH-UY 3614', 'COMPUTATIONAL PHYSICS', 4, 'An introduction to numerical methods. Solving ordinary differential equations, root finding, fourier transforms, numerical integration, linear systems. Techniques are applied to projectile motion, oscillatory motion, planetary motion, potentials and fields, waves and quantum mechanics. This class meets four hours per week for lectures', 'Prerequisites: PH-UY 2033, CS-UY 1133 (or CS-UY 1114), and MA-UY 1124'),
('PH', 'PH-UY 3801', 'Guided Studies in Physics', 1, 'These guided studies courses in physics are supervised by staff member.', 'Prerequisites: Physics adviser approval. (Course may be repeated for additional credit.)'),
('PH', 'PH-UY 3802', 'Guided Studies in Physics', 2, 'These guided studies courses in physics are supervised by staff member.', 'Prerequisites: Physics adviser approval. (Course may be repeated for additional credit.)'),
('PH', 'PH-UY 3803', 'Guided Studies in Physics', 3, 'These guided studies courses in physics are supervised by staff member.', 'Prerequisites: Physics adviser approval. (Course may be repeated for additional credit.)'),
('PH', 'PH-UY 3804', 'Guided Studies in Physics', 4, 'These guided studies courses in physics are supervised by staff member.', 'Prerequisites: Physics adviser approval. (Course may be repeated for additional credit.)'),
('PH', 'PH-UY 4124', 'Thermodynamics and Statistical Physics', 4, 'The course covers fundamental laws of macroscopic thermodynamics, heat, internal energy and entropy. Topics include an introduction to statistical physics, and applications of Maxwell, Fermi-Dirac and Bose-Einstein distributions.', 'Prerequisites: PH-UY 2344, MA-UY 2114, and MA-UY 2224'),
('PH', 'PH-UY 4553', 'Introduction to the Physics of Quantum Computing', 3, 'This course aims to introduce undergraduate students to the foundational principles of quantum computation and quantum information processing. Topics covered are Hilbert space, Bloch vector, unitary and Hermitian operators, quantum measurement, electron spin, multi-qubit systems, quantum algorithms, and quantum error correction.', 'Prerequisites: PH-UY 3613'),
('PH', 'PH-UY 4603', 'Special Topics in Physics', 3, 'THE PHYSICS OF SUSTAINABILITY Variable credit special topics courses in physics.', 'Prerequisites: CS-UY 1133 and Physics adviser approval. (Course may be repeated for additional credit.)'),
('PH', 'PH-UY 4902', 'Introduction to Senior Project in Physics', 2, 'A qualified senior physics student or group of students work with a faculty member (and possibly graduate students) on an advanced problem in physics. In this introductory phase the student(s) and adviser select a suitable theoretical or experimental problem in the subject area and use various resources to solve it.', ''),
('PH', 'PH-UY 4904', 'Senior Project in Physics', 4, 'In the project’s concluding phase, senior physics students or group of students work with a faculty member (and possibly graduate students) to solve an advanced problem in interdisciplinary physics. The conclusion of the project is a written report and an oral presentation made to the supervising faculty.', 'Prerequisite: PH-UY 4902'),
('PH', 'PH-UY 4912', 'Senior Seminar in Physics', 2, 'Senior physics students, in consultation with the instructor, study and prepare presentations on several current research topics in the general area of interdisciplinary physics. Students’ performance is based on the mastery of the material chosen and also on the quality of the presentation made to the instructor and the seminar members.', ''),
('PH', 'PH-UY 4994', 'Bachelors Thesis in Physics', 4, 'Cannot receive credits for both PH-UY 4904 and PH-UY 4994.', ''),
('PHP', 'PHP-UY 4000', 'Preparations for a Health Professional School', 0, 'The Preparations for a Health Professional School course is a non-credit seminar course, required for any student engaging with the prehealth committee, that has the following goals: (1) to review the application timeline, cycles, rules + regulations, and processes + procedures for applying for a committee letter to provide in a Health Professional school applications (2) to introduce strategies and tips for better interviewing and application documents (3) to provide better insight into health professions and the different paths for entry into these fields (4) to foster a better community that discusses questions, problems, issues, and concerns surrounding the prehealth area of study', 'Prerequisite: Department permission required'),
('ROB', 'ROB-UY 2004', 'ROBOTIC MANIPULATION AND LOCOMOTION', 4, 'This class introduces basic notions of robotics, from sensors and actuators to kinematics, dynamics, motion planning and control with specific example applications for object manipulation and legged locomotion. Basic algorithms necessary for any robotics practitioner interested in robots with arms and legs are studied in the class. A special emphasis is made on providing a practical experience to students, with a laboratory enabling the implementation of the learned concepts in real applications. Background in calculus, physics, linear algebra and programming are necessary to follow the class', 'Prerequisite: CS-UY 1114 and MA-UY 2034 and PH-UY 1013 or equivalents (see Minor in Robotics)'),
('ROB', 'ROB-UY 3203', 'ROBOT VISION', 3, 'Engineering systems are becoming smarter and more autonomous (e.g., construction robots, autonomous trucks/cars, intelligent transportation systems, domestic/warehouse mobile robots, etc.). This means they need to understand both their own ositions/orientations and the surroundings to fulfill their tasks safely, accurately, and efficiently. This requires an intelligent extraction of both geometric and semantic information from sensory input (mainly visual sensors such as cameras/LIDAR). This course introduces basic knowledge of robotic vision, and provides hands-on project experiences of those emerging technologies in the context of intelligent robotic systems: including RGBD data processing for laser scanning, photogrammetric 3D reconstruction of buildings, visual simultaneous localization and mapping for AR/VR, machine learning applications in object recognition/tracking, semantic segmentation, place recognition from images when GPS is unreliable, and so on. Prerequisite: CS-UY 1114 and MA-UY 2034 or equivalents (see Minor in Robotics)', ''),
('ROB', 'ROB-UY 3303', 'ROBOT MOTION AND PLANNING', 3, 'This course covers the concepts, techniques, algorithms, and state-of-the-art approaches for robot localization, mapping, and planning. The course starts from basic concepts in 2D kinematics and probability and then introduces probabilistic approaches for data fusion. Then, the course introduces the trajectory planning problem in the time domain and free space. The motion planning problem is defined in a canonical version of the problem and the concept of configuration space is introduced. A selection of representative planning techniques is covered from probabilistic to heuristic techniques. Finally, some mapping representations and algorithms are presented.', 'Prerequisite: CS-UY 1114 and MA-UY 2034 and PH-UY 1013 or equivalents (see Minor in Robotics)'),
('ROB', 'ROB-UY 3404', 'INTRODUCTION TO HAPTICS AND TELEROBOTICS IN MEDICINE', 4, 'In this course, the theoretical bases and applications, of haptics technologies with a particular focus on medical applications (specifically surgical, and neurorehabilitative) are taught. Basic technological aspects, such as instrumentation, actuation, control and mechanisms, are introduced. Also, some theoretical aspects related to telerobotic systems are discussed. Students are expected to have basic knowledge of programming. As part of this course, students will participate in experimental and simulation labs to acquire hands-on expertise in haptics implementation and programming.', 'Prerequisite: CS-UY 1114 and MA-UY 2034 and PH-UY 1013 or equivalents (see Minor in Robotics)'),
('ROB', 'ROB-UY 4423', 'Special Topics in Robotics', 3, 'SIMULATION TOOLS FOR ROBOTICS This course covers topics of special interest in robotics to promote exposure to emerging issues in robotics not covered in the programs normal course offerings. Prerequisite: Advisor Approval.', ''),
('SL', 'SL-UY 1020', 'ACADEMIC SKILLS SEMINAR', 0, '', ''),
('STS', 'STS-UY 1004', '| STS-UY 2004 Science, Technology and Society', 4, 'This course introduces important issues, historical and contemporary, related to science and technology from a variety of social, political and philosophical viewpoints. The multidisciplinary approach helps students to understand the interaction between science, technology and society and to discover the conditions that foster technological innovation. The scientific and technological way of thinking becomes clear through historical examples, helping students to consider important issues of science and technology policy, such as how science and technology can be used to benefit society and how one can foster innovation in a society or an organization.', 'Prerequisites: Completion of first year writing requirements. Co-requisites: None. Notes: Satisfies a HuSS Elective'),
('STS', 'STS-UY 2144', 'Ethics and Technology', 4, 'Ethical expertise is integral to the careers and responsibilities of engineering and technology management professionals, from long-standing issues around professional responsibilities to society and more recent controversies such as “techlash” concerns about bias, equity, and surveillance. This survey course introduces undergraduate students to some of the most relevant ethical issues in engineering and the technology industry today. Students will begin by exploring basic ethical approaches from a variety of philosophical traditions and how these principles have historically been integrated into engineering professions. Then, students will study a variety of topics of high importance to engineers today, including ethics in computing, data, and automated systems; medical ethics, past and present; disability ethics and activism; ethical issues related to the environment and climate change; and ethical issues related to race and gender.', ''),
('STS', 'STS-UY 2214', 'Medical Ethics', 4, 'This course is concerned with the many ethical issues that arise in the field of medicine, issues such as: patient autonomy, informed consent, experimentation on live subjects, confidentiality, truth telling, conflict of interest and the treatment of relatives. We will also study moral issues pertaining to new medical techniques such as online medicine and prenatal genetic screening. These issues will be approached via an understanding of important historical, legal and philosophical foundations of medical ethics. We will study ideas from the Hippocratic Oath and Islamic, Jewish and Christian traditions up to the codes of today\'s ethics review boards. Important legal issues explored involve the right to healthcare, the obligation of parents to seek proper medical care for their children and euthanasia. Some of the important ethical-philosophical notions studied will be: the law of double effect, the obligation of beneficence and non-malevolence, utilitarianism, and Kantian ethics. While this course is open to all majors, it\'s specific aim is to prepare the future medical practitioner to understand and deal with the various moral challenges of the profession.', ''),
('STS', 'STS-UY 2254', 'Evolution', 4, 'This course discusses the development of the theory of evolution based on the amassed evidence from the geological and biological sciences over the past 200 years. Darwin’s idea that natural selection was the driving force behind evolution is considered in detail. Early rival theories to Darwin’s ideas are discussed as part of the process leading to the modern theory. The integration into the theory of genetics and molecular biology has led to a much deeper understanding of how organisms are related. The role of chance factors is also considered. Application of evolution theory to problems in economic biology and modern medicine and epidemiology I also be discussed. Finally, current controversies regarding Intelligent Design is addressed and put into a historical context.', 'Prerequisites: EXPOS-UA 1 or EXPOS-UA 4. Notes: Satisfies a HuSS Elective'),
('STS', 'STS-UY 2274', 'Space and Spacetime', 4, 'What is the nature of space? Is it an independently existing substance, or does it merely consist of the relations between physical objects? Can motion be described simply in terms of the relational properties of objects, or must people always define motion with respect to an absolute motionless substratum? Does the existence of left-handed gloves entail the existence of absolute space? This course considers these and other questions about the nature of space and time as they appear in the writings of philosophers and scientists, including Plato, Aristotle, Descartes, Newton, Leibniz, Berkeley, Kant, Poincaré and Einstein.', 'Prerequisites: Completion of first year writing requirements. Co-requisites: None. Notes: Satisfies a HuSS elective'),
('STS', 'STS-UY 2284', 'Introduction to FSTEM', 4, 'This course will introduce feminist theory as a foundational methodology for critically investigating of the fields of STEM. Feminist theory is not a political ideology nor an analytic framework limited to “women’s issues,” but an important way of asking questions about how hierarchies of power including gender, race, class, and disability, relate to the funding, research directions, and accessibility of science, technology, and engineering. While thinking through how STEM conforms to and creates social systems of difference, students in this course will learn how to apply feminist theory to contemporary case studies, examining issues of practice, ethics, social justice, and inequality in STEM.', 'Prerequisite: EXPOS-UA 1'),
('STS', 'STS-UY 2364', 'History of Aviation & Aviation Technology', 4, 'In little more than 100 years, aviation has passed from a ground-hugging flight of less than a minute to high-altitude, supersonic flights that cross continents and oceans. This course surveys the history of aviation and the technological innovations that led to this crucial modern technology. This course also discusses the physics of flight, how increased understanding of aerodynamic principles led to successive aircraft improvements, and the development of new materials and control systems. Although military research drove many technological innovations, this course focuses on the economics and development of commercial aviation, which has changed the world. The course also looks at ultramodern trends in aircraft design and control, including unmanned cruise missiles and aircraft, and new commercial-aircraft designs and production techniques.', 'Prerequisites: Completion of first year writing requirements. Co-requisites: None. Notes: Satisfies a HuSS elective'),
('STS', 'STS-UY 2374', 'The Ship', 4, 'Ships, the largest human-made moving objects, have played a pivotal role in trade and warfare throughout history. This course covers the history, development and technology of ships from ancient times to the present. The course discusses aspects of the atmosphere and seas as they relate to ship design and use. Technological advances in hull design, materials, sails and power also will be discussed. The use of ships in trade, human transportation, warfare, fishing, piracy and global exploration are covered, along with the satellite industries of shipbuilding and port support. The course also looks at the manning of ships, the social and military organization, ¬the life of mariners, the development of navigation and its technologies in an historical context, and submarine evolution and technologies.', 'Prerequisites: EXPOOS-UA 1 or EXPOS-UA 4. Notes: Satisfies a HuSS elective'),
('STS', 'STS-UY 2634', 'Psychology of the Internet', 4, 'This class investigates aspects of human behavior in terms of the Internet. The Internet is a technological phenomenon that allows people separated by huge distances to interact with each other in relatively seamless fashion. Does the Internet allow people to connect in ways never possible before? Or are these new connections variations of previous human interactions, only on a computer screen. For all of its positive attributes, the Internet has a negative side: People become increasingly dependent on interacting only through the Internet. Is this dysfunctional? What characterizes addictive behavior? Can addictive behavior be attributed to a physical action as opposed to a biological substance?', 'Prerequisites: EXPOS-UA 1 or EXPOS-UA 4. Notes: Satisfies a HuSS elective'),
('STS', 'STS-UY 2644', 'Creativity and Innovation', 4, 'This course explores the nature of the creative act. What does it take to be creative? What are some of the cognitive and personality variables that aid and hinder creativity? What are the characteristics of great innovators? Is innovation purely individual? Or are innovators a product of their time? The course also surveys literature on teaching creativity and innovation.', 'Prerequisites: Completion of first year writing requirements. Co-requisites: None. Notes: Satisfies a HuSS elective'),
('STS', 'STS-UY 2724', 'Dinosaurs: Resurrecting An Extinct Species', 4, 'Large fossil bones have fascinated people since ancient times, and after 1842 some of these fossils were described as belonging to the taxum Dinosauria. Since then, new discoveries and scientific techniques have led to a series of changes in both the views of scientists and the public as to what dinosaurs were, what groups they were related to, and how they behaved and interacted with their environments. This course looks at the views of fossils in ancient Greece and Rome, and also in some modern tribal societies. Most emphasis is on the changing views of paleontology, geology, biology and evolution from the Enlightenment period to the present. All major dinosaur groups are discussed, as well as their physiology, relationships to other animals, behavior and ecology, as scientific ideas evolve and new discoveries are made. Finally, how scientists reconstruct dinosaurs through images, sculpture and mountings for the public and popular culture’s fascination with dinosaurs is to be discussed.', 'Prerequisites: Completion of first year writing requirements. Co-requisites: None. Notes: Satisfies a HuSS Elective'),
('STS', 'STS-UY 2914', 'Special Topics in Ethics', 4, 'Climate Crisis The Ethics of Dying The Nuremberg War Trials Special Topics in Ethics is a variable topics course that will allow TCS faculty to offer courses that deal with specific areas of ethical reasoning and/or specific contexts of ethics relevant to engineering students. This course will fulfill the TCS ethics requirement for undergraduate students. Topics could include Medicine, Ethics, and COVID-19; Ethics and the Nuremberg Trials; Ethics and Digital Media; or Ethics and City Infrastructure. This course will fulfill the TCS ethics requirement for undergraduate students.', 'Prerequisites: EXPOS-UA 1'),
('STS', 'STS-UY 3204', 'Science and Difference', 4, 'This course critically examines the various frameworks through which science operates to construct difference in living populations. It analyzes the logistics of classification as they pertain to modern empirical science and situates classificatory practices in their historical and cultural contexts. Particular attention is paid to the interplay between scientific research and historical episodes of cultural anxiety concerning the nature and significance of human differences based on race, gender, ethnicity and sexuality.', 'Prerequisites: EXPOS-UA 1 or EXPOS-UA 4. Notes: Satisfies a HuSS Elective'),
('STS', 'STS-UY 3214', 'Science and Feminism', 4, 'This course will introduce students to feminist perspectives from the field of Science & Technology Studies (STS). Scholars from anthropology, sociology, history, and philosophy of science are studied to gain insight on how gender and race affect the practice of science and how we come to think about facts, progress, modernity, and our technological and scientific worlds. Students are expected to become familiar with the basic theories, concepts, and questions of STS and will learn to apply critical feminist theory to analyze the day-to-day practice of science.', 'Prerequisite(s): One Level 2 STS Cluster TCS Elective'),
('STS', 'STS-UY 3254', 'Philosophy of Science', 4, 'The philosophy of science is divided into two subfields: The first studies the nature and methodology of science. The second examines the conceptual and philosophical foundations of particular scientific fields. This course considers topics in the first subfield, including philosophical attempts to describe scientific explanations, laws of nature and the process by which evidence confirms theories in science. The course also considers the nature of scientific theories: what they are, how they change and how they can and should be interpreted.', 'Prerequisites: Completion of first year writing requirements. | Notes: Satisfies a HuSS elective'),
('STS', 'STS-UY 4504', 'Advanced Seminar in Science and Technology', 4, 'Digital Media and Dystopia Diversity in Technology Genetics and Society Histories of Silicon Valley Magic Bullets & Wonder Pills Queer Studies in Technoscience Technology and Environmental Justice AI & Society Entropy Game Studies Media and Mental Health Philosophy of Technology Science Communication Technologies and Social Movements The AIDS Crisis The Advanced Seminar is a writing- and research-intensive course that will explore in-depth a topic in Technology, Culture, and Society, requiring practice of both writing and research skills. Topics vary by section; see Albert for detailed topic descriptions.', 'Prerequisite: (EXPOS-UA 1, EXPOS-UA 4, EXPOS-UA 5, EXPOS-UA 9, ASPP-UT 2, WREX-UF 101 or WRCI-UF 102) and one TCS elective course and Junior/Senior standing');
INSERT INTO `courses` (`departmentID`, `courseID`, `course_name`, `credits`, `course_description`, `prerequisite`) VALUES
('TCS', 'TCS-UY 4504', '| TCS-UY 4504G Advanced Seminar in Technology, Culture, and Society', 4, 'Green Horizons: Pathways to a Clean Energy Economy Our Archives, Ourselves The Advanced Seminar is a writing- and research-intensive course that will explore in-depth a topic in Technology, Culture, and Society, requiring practice of both writing and research skills. Topics vary by section; see Albert for detailed topic descriptions.', 'Prerequisite for Brooklyn: (EXPOS-UA 1, EXPOS-UA 4, EXPOS-UA 5, EXPOS-UA 9, ASPP-UT 2, WREX-UF 101 or WRCI-UF 102) and one TCS elective course and Junior/Senior standing. | Prerequisite for Global: (EXPOS-UA 1, EXPOS-UA 4, EXPOS-UA 5, EXPOS-UA 9, ASPP-UT 2, WREX-UF 101 or WRCI-UF 102)'),
('TCS', 'TCS-UY 4504G', '| 4 units', 4, 'Class Times are shown in the Tulsa, USA time zone. Make sure you convert to your local time zone, if needed. 01/21/2025 - 05/01/2025 Mon,Wed 3.00 PM - 4.30 PM', ''),
('URB', 'URB-UY 2004', 'GLOBAL PERSPECTIVES ON URBAN SUSTAINABILITY', 4, 'This course will give students a grounding in urban sustainability issues as they apply locally and globally, with an emphasis on case studies of problems and attempts at solutions in many different urban sites. The course materials address the broad range of social, cultural, technical, historical, political and technical issues that are part of urban sustainability.', ''),
('URB', 'URB-UY 2024', 'Design of Cities', 4, 'This course helps students examine cities from different perspectives, and to understand the design principles that create effective city spaces and how the city is a dynamic force, always changing through the impact of individuals and organizations. The class focuses on the role of historical, physical and social context in making sense of cities and how city problems can be identified, presented to others and addressed in various ways (through psychological and sociological studies, literature, art, etc.). Students complete a team-based project that involves the study of an innovative development project within the city and how it relates to its physical and social context.', 'Prerequisites: Completion of first year writing requirements. Co-requisites: None. Notes: Satisfies a HuSS Elective'),
('URB', 'URB-UY 2044', 'Methods for Studying Urban Environment', 4, 'This course provides students with a foundation for understanding and using social science research methods to study urban environments. In this course, students will gain an understanding of quantitative and qualitative approaches to social science research. They will be introduced to a range of data collection methods that are used to study urban environments and also t strategies for data analysis. The course will involve a group research project with a real world client, as well as lectures, discussions, a group presentation and paper, exams, readings and several assignments.', 'Prerequisites: Completion of first year writing requirements'),
('URB', 'URB-UY 2054', 'Introduction to Urban Policy', 4, 'The purpose of this course is to introduce students to the process and some of the major substantive issues in urban policy and politics in the United States, with some transnational contrasts. These include some of the basic issues of any political system: how cities function as part of a global urban network; the structure of decision-making, the allocation of resources and delivery of services.', 'Prerequisite: Completion of first year writing requirements'),
('URB', 'URB-UY 2224', 'Natural Environment of New York City', 4, 'New York is one of the world’s great cities and, like others, rests on a foundation of the natural environment. The geology and geographic history of the greater New York area is discussed—from plate tectonic origins through the recent (and ongoing) Ice Age, including the formation of river systems and the port. Also considered in detail is the evolution of ecological relationships, including human, throughout this time. Other topics include the changing climate through past epochs as well as today and their impact on the modern city. Also covered are current environmental challenges, such as water supply and quality, air quality, waste disposal and global effects, including atmospheric and ocean warming.', 'Prerequisites: Completion of first year writing requirements. Co-requisites: None. Notes: Satisfies a HuSS Elective'),
('URB', 'URB-UY 2234', 'Natural Environmental Catastrophes & Cities', 4, 'Cities are extremely complex physical and human systems that can be severely disrupted by acute human-caused events such as war. However, the natural world can also have a severe impact on cities over brief intervals. This course concerns itself with four well-known phenomena that can and have influenced the evelopment, sustainability and even the survival of cities. Meteorological catastrophes, such as hurricanes, cyclones and typhoons, are discussed in detail. Also covered are less violent but equally destructive flooding by river and ocean; earthquake damage and its relationship to population density and the permanence of towns and cities throughout history; and volcanic eruptions, which, though rare, have disrupted cities and determined their initial locations. Finally, biological catastrophes, both macro and micro, such as pestilence and infestations, are discussed.', 'Prerequisites: Completion of first year writing requirements. Co-requisites: None. Notes: Satisfies a HuSS Elective'),
('URB', 'URB-UY 2334', 'Introduction of Environmental Sciences', 4, 'This course addresses the basic processes, as studied by the physical, biological sciences, and behavioral that determine the nature of the physical environment and how it affects life on earth. Topics include the physical environment (Lithosphere, Hydrosphere, Atmosphere, climate); the biological environment (biological systems, biodiversity, population dynamics, ecology) and modern environmental problems, including resource shortages (such as water and energy), diseases, soil, water and air pollution, climate change and their relationship to political and economic issues. Note: This course cannot be used to satisfy Humanities/Social Science requirements for majors outside of the TCS department.', 'Prerequisites: Completion of first year writing requirements'),
('URB', 'URB-UY 3034', 'Evidence-Based Design', 4, 'Designers—at the product, building, neighborhood or urban level—necessarily base their work on the perceived needs and desires of users and clients. Historically, these understandings have come from past practice, close interactions with clients or designer intuition. In recent years, however, design researchers have accumulated enough information to provide an empirical base upon which to base many design decisions. This class reviews the evidence for design, particularly as it relates to well-studied settings, such as health care, corrections and neighborhood design.', 'Prerequisites: Completion of first year writing requirements. Co-requisites: None. Notes: Satisfies a HuSS Elective'),
('URB', 'URB-UY 3044', 'Green Cities', 4, 'This course will provide students with an understanding of different types of green spaces that exist in urban areas, such as parks, urban forestry and agriculture, and sustainable streetscapes. It will explore how the greening of cities may incorporate various green infrastructure designs and techniques, and will examine the benefits that green places in cities provide to urban inhabitants as well as the city itself. Although some focus will be on New York City places and policies, the course will also explore greening techniques, designs and policies in other cities in the United States and internationally. Students will learn about public policies that impact the implementation of greening initiatives and how the physical environment affects the quality of life for individuals and communities.', 'Prerequisite: EXPOS-UA 1 or EXPOS-UA 4'),
('URB', 'URB-UY 3214', 'Cities in Developing Countries', 4, 'This course will examine different facets of cities in developing countries. It will address common problems in developing urban regions, gaining an understanding of common settlement patterns and urban systems by region. It will also focus on specific issues in representative cities of the regions studied. Specific issues will include water and sanitation, health, transportation and infrastructure, historic preservation, disaster risk reduction and housing initiatives. Cases will include representative cities from Asia, Africa, the Middle East, Latin America and the Caribbean.', 'Prerequisite(s): Completion of first year writing requirements'),
('URB', 'URB-UY 3834', 'Special Topics in Sustainable Urban Environments', 4, 'MEGAPROJECTS: URBAN INTERVENTION AROUND THE GLOBE Play and Public Space WATER AND URBAN DESIGN Circular Economy: From Waste to Wealth Green Roofs: Designing Vegetated Cities Special topics in Sustainable Urban Environments at the 3000 level, to be decided by instructor.', 'Prerequisites: Completion of first year writing requirements. Notes: Satisfies a HuSS Elective'),
('URB', 'URB-UY 4012', 'Capstone Project I', 2, 'The capstone is a project course that presents SUE students with an opportunity to translate previous coursework into an applied research project. This is a real-world based course in which students identify, research, and propose solutions to a multidisciplinary urban issue. The field research will be supported by library and on-line research and will culminate in a written report and an oral presentation. Can not take if already taken URB-UY 4024.', 'Prerequisite: URB-UY 2044'),
('URB', 'URB-UY 4022', 'Capstone Project II', 2, 'The capstone is a project course that presents SUE students with an opportunity to translate previous coursework into an applied research project. This is a real-world based course in which students identify, research, and propose solutions to a multidisciplinary urban issue. The field research will be supported by library and on-line research and will culminate in a written report and an oral presentation. Can not take if already taken URB-UY 4024.', 'Prerequisite: URB-UY 2044 and URB-UY 4012'),
('URB', 'URB-UY 4504', 'Advanced Seminar in Urban Studies', 4, 'Advanced Seminar Breaking Bad Decolonizing Green Democratic Planning for Livable Cities Nuclear Power The Food-Water-Energy Nexus Waste and Recycling: Policies and Practices Affordable Sustainable Housing Environmental Psychology Planning for a Livable New York City Urban Waterfront Development The Advanced Seminar is a writing- and research-intensive course that will explore in-depth a topic in Technology, Culture, and Society, requiring practice of both writing and research skills. Topics vary by section; see Albert for detailed topic descriptions.', 'Prerequisite: (EXPOS-UA 1, EXPOS-UA 4, EXPOS-UA 5, EXPOS-UA 9, ASPP-UT 2, WREX-UF 101 or WRCI-UF 102) and one TCS elective course and Junior/Senior standing');

-- --------------------------------------------------------

--
-- Table structure for table `course_campus`
--

CREATE TABLE `course_campus` (
  `courseID` varchar(20) NOT NULL,
  `campusID` int(11) NOT NULL
) ENGINE=InnoDB DEFAULT CHARSET=utf8mb4 COLLATE=utf8mb4_general_ci;

--
-- Dumping data for table `course_campus`
--

INSERT INTO `course_campus` (`courseID`, `campusID`) VALUES
('BMS-UY 1001', 1),
('BMS-UY 1003', 1),
('BMS-UY 2001', 1),
('BMS-UY 3611', 1),
('BMS-UY 3711', 1),
('BMS-UY 4111', 1),
('BMS-UY 4914', 1),
('BMS-UY 4924', 1),
('CAM-UY 2204', 1),
('CAM-UY 2304', 1),
('CBE-UY 3233', 1),
('CBE-UY 3313', 1),
('CBE-UY 3323', 1),
('CBE-UY 4113', 1),
('CBE-UY 4213', 1),
('CE-UY 1002', 1),
('CE-UY 2112', 1),
('CE-UY 2122', 1),
('CE-UY 2133', 1),
('CE-UY 2143', 1),
('CE-UY 2213', 1),
('CE-UY 2343', 1),
('CE-UY 2533', 1),
('CE-UY 3013', 1),
('CE-UY 3153', 1),
('CE-UY 3163', 1),
('CE-UY 3183', 1),
('CE-UY 3223', 1),
('CE-UY 3243', 1),
('CE-UY 4092', 1),
('CE-UY 4710', 1),
('CE-UY 4803', 1),
('CE-UY 4911', 1),
('CE-UY 4921', 1),
('CE-UY 4931', 1),
('CE-UY 4990', 1),
('CM-UY 1001', 1),
('CM-UY 1003', 1),
('CM-UY 1011', 1),
('CM-UY 1021', 1),
('CM-UY 2211', 1),
('CM-UY 2213', 1),
('CM-UY 2221', 1),
('CP-UY 2011', 1),
('CP-UY 2013', 1),
('CP-UY 2021', 1),
('CP-UY 2023', 1),
('CS-UY 1113', 1),
('CS-UY 1114', 1),
('CS-UY 1134', 1),
('CS-UY 2124', 1),
('CS-UY 2163', 1),
('CS-UY 2204', 1),
('CS-UY 2214', 1),
('CS-UY 2413', 1),
('CS-UY 3083', 1),
('CS-UY 3113', 1),
('CS-UY 3224', 1),
('CS-UY 3923', 1),
('CS-UY 3933', 1),
('CS-UY 4523', 1),
('CS-UY 4543', 1),
('CS-UY 4553', 1),
('CS-UY 4563', 1),
('CS-UY 4613', 1),
('CS-UY 4753', 1),
('CS-UY 4783', 1),
('CS-UY 4793', 1),
('DM-UY 1113', 1),
('DM-UY 1123', 1),
('DM-UY 1133', 1),
('DM-UY 1143', 1),
('DM-UY 2133', 1),
('DM-UY 2153', 1),
('DM-UY 2173', 1),
('DM-UY 2193', 1),
('DM-UY 2213', 1),
('DM-UY 2263', 1),
('DM-UY 3133', 1),
('DM-UY 4003', 1),
('DM-UY 4173', 1),
('ECE-UY 2004', 1),
('ECE-UY 2204', 1),
('ECE-UY 2233', 1),
('ECE-UY 3054', 1),
('ECE-UY 3064', 1),
('ECE-UY 3114', 1),
('ECE-UY 3124', 1),
('ECE-UY 3193', 1),
('ECE-UY 3404', 1),
('ECE-UY 3604', 1),
('ECE-UY 3824', 1),
('ECE-UY 4001', 1),
('ECE-UY 4123', 1),
('ECE-UY 4144', 1),
('ECE-UY 4183', 1),
('ECE-UY 4193', 1),
('ECE-UY 4283', 1),
('ECE-UY 4293', 1),
('ECE-UY 4313', 1),
('ECE-UY 4993', 1),
('EG-UY 1001', 1),
('EG-UY 1004', 1),
('EG-UY 3003', 1),
('FIN-UY 2003', 1),
('FIN-UY 2103', 1),
('FIN-UY 2203', 1),
('MA-UY 1024', 1),
('MA-UY 1124', 1),
('MA-UY 2034', 1),
('MA-UY 2114', 1),
('MA-UY 2224', 1),
('MA-UY 2314', 1),
('MA-UY 2414', 1),
('MA-UY 3113', 1),
('MA-UY 3604', 1),
('MA-UY 4114', 1),
('MA-UY 4314', 1),
('MA-UY 4434', 1),
('MA-UY 4614', 1),
('ME-UY 1012', 1),
('ME-UY 2123', 1),
('ME-UY 2213', 1),
('ME-UY 2223', 1),
('ME-UY 2813', 1),
('ME-UY 3213', 1),
('ME-UY 3231', 1),
('ME-UY 3233', 1),
('ME-UY 3313', 1),
('ME-UY 3411', 1),
('ME-UY 3413', 1),
('ME-UY 3511', 1),
('ME-UY 3513', 1),
('ME-UY 3811', 1),
('ME-UY 4103', 1),
('ME-UY 4113', 1),
('ME-UY 4214', 1),
('ME-UY 4312', 1),
('ME-UY 4313', 1),
('MG-UY 1002', 1),
('MG-UY 2014', 1),
('MG-UY 2024', 1),
('MG-UY 2204', 1),
('MG-UY 2304', 1),
('MG-UY 2624', 1),
('MG-UY 2704', 1),
('MG-UY 3002', 1),
('MG-UY 3204', 1),
('MG-UY 3214', 1),
('MG-UY 3224', 1),
('MG-UY 3304', 1),
('MG-UY 3404', 1),
('MG-UY 3724', 1),
('MG-UY 4004', 1),
('MG-UY 4214', 1),
('MG-UY 4404', 1),
('MG-UY 4504', 1),
('MG-UY 4603', 1),
('PH-UY 1013', 1),
('PH-UY 1213', 1),
('PH-UY 1223', 1),
('PH-UY 2023', 1),
('PH-UY 2033', 1),
('PH-UY 2121', 1),
('PH-UY 2131', 1),
('PH-UY 3002', 1),
('PH-UY 3801', 1),
('PH-UY 3802', 1),
('PH-UY 3803', 1),
('PH-UY 3804', 1),
('PH-UY 4902', 1),
('PH-UY 4904', 1),
('PH-UY 4994', 1),
('ROB-UY 2004', 1),
('ROB-UY 3404', 1),
('SL-UY 1020', 1),
('STS-UY 1004', 1),
('STS-UY 2144', 1),
('STS-UY 2644', 1),
('URB-UY 2004', 1),
('MA-UY 1044', 2),
('MA-UY 2514', 2),
('MA-UY 3014', 2),
('MA-UY 3054', 2),
('MA-UY 3204', 2),
('MA-UY 3514', 2),
('MA-UY 4014', 2),
('MA-UY 4044', 2),
('MA-UY 4054', 2),
('MA-UY 4064', 2),
('MA-UY 4204', 2),
('MA-UY 4254', 2),
('MA-UY 4324', 2),
('MA-UY 4414', 2),
('MA-UY 4424', 2),
('MA-UY 4444', 2),
('MA-UY 4474', 2),
('MA-UY 4524', 2),
('MA-UY 4644', 2),
('MA-UY 4654', 2),
('MA-UY 4674', 2),
('MA-UY 4684', 2),
('MA-UY 4814', 2),
('MA-UY 4824', 2),
('MA-UY 4834', 2);

-- --------------------------------------------------------

--
-- Table structure for table `degree`
--

CREATE TABLE `degree` (
  `degreeID` int(11) NOT NULL,
  `degree_name` varchar(1000) DEFAULT NULL,
  `schoolID` varchar(10) DEFAULT NULL,
  `url` varchar(1000) DEFAULT NULL,
  `description` varchar(1000) DEFAULT NULL
) ENGINE=InnoDB DEFAULT CHARSET=utf8mb4 COLLATE=utf8mb4_general_ci;

--
-- Dumping data for table `degree`
--

INSERT INTO `degree` (`degreeID`, `degree_name`, `schoolID`, `url`, `description`) VALUES
(1, 'Applied Physics', 'Y', 'https://engineering.nyu.edu/programs/applied-physics-bs', 'Applied Physics is devoted to the study and understanding of nature. Considered the most fundamental science, it deals with the constituents, properties, and evolution of the entire universe, from the smallest subatomic particles to the largest galaxies.'),
(2, 'Biomolecular Science', 'Y', 'https://engineering.nyu.edu/academics/programs/biomolecular-science-bs', 'Scientists working at the interface between biology and chemistry create big changes while working on the cellular and molecular level.'),
(3, 'Business and Technology Management', 'Y', 'https://engineering.nyu.edu/academics/programs/business-and-technology-management-bs', 'Oriented toward current and future high growth arenas, the Business and Technology Management (BTM) trains business leaders of tomorrow. You’ll become deeply familiar with technology and innovation and work in diverse venues.'),
(4, 'Chemical and Biomolecular Engineering', 'Y', 'https://engineering.nyu.edu/academics/programs/business-and-technology-management-bs', 'As a chemical and biomolecular engineer, you\'ll become part of a field that has contributed to the development of virtually every material common to modern life and emerging technologies.'),
(5, 'Civil Enginering', 'Y', 'https://engineering.nyu.edu/academics/programs/civil-engineering-bs', 'Civil engineering includes everything from the design and construction of buildings, bridges, and roads to securing our water resources and preparing for pressing environmental and social challenges.'),
(6, 'Computer Engineering', 'Y', 'https://engineering.nyu.edu/academics/programs/computer-engineering-bs', 'Computer engineers develop products that touch nearly every part of our lives, from sending e-mails from cell phones to reconstructing genomes. That’s just the kind of invention & innovation the School of Engineering encourages.'),
(7, 'Computer Science', 'Y', 'https://engineering.nyu.edu/academics/programs/computer-science-bs', 'Computer science focuses on designing, building, and using the computers and systems that we interact with every day — from iPhones to the complex databases in banks and hospitals.'),
(8, 'Electrical and Computer Engineering', 'Y', 'https://engineering.nyu.edu/academics/programs/electrical-engineering-and-computer-engineering-bs', 'Electrical Engineering and Computer Engineering are both extremely pertinent in today\'s high technology and global world, and this program gives students opportunities to garner knowledge from both disciplines.'),
(9, 'Electrical Engineering', 'Y', 'https://engineering.nyu.edu/academics/programs/electrical-engineering-bs', 'From the subway systems beneath our cities to the HD televisions on our walls, innovations by electrical engineers touch every aspect of modern life, but new challenges await the electrical engineers of tomorrow.'),
(10, 'Integrated Design and Media', 'Y', 'https://engineering.nyu.edu/academics/programs/integrated-design-media-bs', 'Our Bachelor of Science Integrated Design & Media (IDM) program centers around the IDM core, a suite of courses that focus on the four areas of Image, Sound, Narrative, and Interactivity.'),
(11, 'Mathematics', 'Y', 'https://engineering.nyu.edu/academics/programs/mathematics-bs', 'Mathematics forms the backbone of scientific fields, like physics, engineering, and computer science. With a firm grasp of mathematics, you’ll have the foundation to launch explorations of related disciplines.'),
(12, 'Mathematics and Physics', 'Y', 'https://engineering.nyu.edu/academics/programs/mathematics-and-physics-bs', 'Mathematics has applications to nearly every branch of science and engineering, and advances in physics — for example, those in electromagnetism and thermodynamics — often resonate deeply with mathematics.'),
(13, 'Mechanical Engineering', 'Y', 'https://engineering.nyu.edu/academics/programs/mechanical-engineering-bs', 'Mechanical engineering builds the physical systems and devices that define modern society — everything from air conditioning to automobiles, robots to power plants, artificial limbs to escalators.'),
(14, 'Hellenic Studies', 'A', 'https://as.nyu.edu/departments/hellenic.html', 'Hellenic Studies'),
(15, 'History', 'A', 'https://as.nyu.edu/departments/history.html', 'History'),
(16, 'International Relations', 'A', 'https://cas.nyu.edu/academic-programs/bulletin/departments-and-programs/major-in-international-relations/program-of-study-cas-bulletin.html', 'International Relations'),
(17, 'Italian', 'A', 'https://as.nyu.edu/departments/italian/undergraduate.html', 'Italian'),
(18, 'Italian and Linguistics', 'A', 'https://as.nyu.edu/departments/linguistics.html', 'Italian and Linguistics'),
(19, 'Journalism', 'A', 'https://www.journalism.nyu.edu/', 'Journalism'),
(20, 'Language and Mind', 'A', 'https://as.nyu.edu/departments/lamd.html', 'Language and Mind'),
(21, 'Latin American and Caribbean Studies', 'A', 'https://as.nyu.edu/research-centers/clacs.html', 'Latin American and Caribbean Studies'),
(22, 'Latino Studies', 'A', 'https://as.nyu.edu/departments/latinostudies.html', 'Latino Studies'),
(23, 'Linguistics', 'A', 'https://as.nyu.edu/departments/linguistics.html', 'Linguistics'),
(24, 'Mathematics', 'A', 'https://www.math.nyu.edu/', 'Mathematics,'),
(25, 'Mathematics and Computer Science', 'A', 'https://www.math.nyu.edu/', 'Mathematics and Computer Science'),
(26, 'Medieval and Renaissance Studies', 'A', 'https://as.nyu.edu/research-centers/marc.html', 'Medieval and Renaissance Studies'),
(27, 'Metropolitan Studies', 'A', 'https://as.nyu.edu/departments/metropolitanstudies.html', 'Metropolitan Studies'),
(28, 'Middle Eastern Studies', 'A', 'https://as.nyu.edu/departments/meis.html', 'Middle Eastern Studies'),
(29, 'Music', 'A', 'https://as.nyu.edu/departments/music.html', 'Music'),
(30, 'Neural Science', 'A', 'http://www.cns.nyu.edu/', 'Neural Science'),
(31, 'Philosophy', 'A', 'https://as.nyu.edu/departments/philosophy.html', 'Philosophy'),
(32, 'Physics', 'A', 'https://as.nyu.edu/departments/physics.html', 'Physics,'),
(33, 'Politics', 'A', 'https://as.nyu.edu/departments/politics.html', 'Politics'),
(34, 'Psychology', 'A', 'http://psych.nyu.edu/psychology.html', 'Psychology'),
(35, 'Public Policy', 'A', 'http://wagner.nyu.edu/education/undergraduate/major', 'Public Policy'),
(36, 'Religious Studies', 'A', 'https://as.nyu.edu/departments/religiousstudies.html', 'Religious Studies'),
(37, 'Romance Languages', 'A', 'https://as.nyu.edu/departments/spanish.html', 'Romance Languages'),
(38, 'Russian and Slavic Studies', 'A', 'https://as.nyu.edu/departments/russianslavic.html', 'Russian and Slavic Studies'),
(39, 'Social and Cultural Analysis', 'A', 'https://as.nyu.edu/departments/sca.html', 'Social and Cultural Analysis'),
(40, 'Sociology', 'A', 'https://as.nyu.edu/departments/sociology.html', 'Sociology'),
(41, 'Spanish and Linguistics', 'A', 'https://as.nyu.edu/departments/linguistics.html', 'Spanish and Linguistics'),
(42, 'Spanish and Portuguese', 'A', 'https://as.nyu.edu/departments/spanish.html', 'Spanish and Portuguese'),
(43, 'Urban Design and Architecture Studies', 'A', 'https://as.nyu.edu/departments/arthistory/programs/undergraduate/urban-design-and-architecture-studies.html', 'Urban Design and Architecture Studies');

-- --------------------------------------------------------

--
-- Table structure for table `degree_requirements`
--

CREATE TABLE `degree_requirements` (
  `degreeID` int(11) NOT NULL,
  `courseID` varchar(20) NOT NULL
) ENGINE=InnoDB DEFAULT CHARSET=utf8mb4 COLLATE=utf8mb4_general_ci;

--
-- Dumping data for table `degree_requirements`
--

INSERT INTO `degree_requirements` (`degreeID`, `courseID`) VALUES
(1, 'CM-UY 1001'),
(1, 'CM-UY 1003'),
(1, 'CM-UY 1011'),
(1, 'CM-UY 1013'),
(1, 'CS-UY 1114'),
(1, 'EG-UY 1001'),
(1, 'MA-UY 1024'),
(1, 'MA-UY 1124'),
(1, 'MA-UY 2034'),
(1, 'MA-UY 2114'),
(1, 'MA-UY 2224'),
(1, 'PH-UY 1002'),
(1, 'PH-UY 1013'),
(1, 'PH-UY 2023'),
(1, 'PH-UY 2033'),
(1, 'PH-UY 2104'),
(1, 'PH-UY 2121'),
(1, 'PH-UY 2131'),
(1, 'PH-UY 2344'),
(1, 'PH-UY 3002'),
(1, 'PH-UY 3234'),
(1, 'PH-UY 3801'),
(1, 'PH-UY 4124'),
(1, 'PH-UY 4912'),
(1, 'STS-UY 2144'),
(2, 'BMS-UY 1001'),
(2, 'BMS-UY 1003'),
(2, 'BMS-UY 1032'),
(2, 'BMS-UY 2001'),
(2, 'BMS-UY 2003'),
(2, 'BMS-UY 2713'),
(2, 'BMS-UY 3611'),
(2, 'BMS-UY 3613'),
(2, 'BMS-UY 3711'),
(2, 'BMS-UY 3713'),
(2, 'BMS-UY 4111'),
(2, 'BMS-UY 4113'),
(2, 'BMS-UY 4914'),
(2, 'BMS-UY 4924'),
(2, 'CM-UY 1011'),
(2, 'CM-UY 1013'),
(2, 'CM-UY 1021'),
(2, 'CM-UY 1023'),
(2, 'CM-UY 2211'),
(2, 'CM-UY 2213'),
(2, 'CM-UY 2221'),
(2, 'CM-UY 2223'),
(2, 'CM-UY 3314'),
(2, 'CM-UY 3323'),
(2, 'CM-UY 3714'),
(2, 'CS-UY 1113'),
(2, 'CS-UY 1114'),
(2, 'EG-UY 1001'),
(2, 'MA-UY 1024'),
(2, 'MA-UY 1124'),
(2, 'PH-UY 1013'),
(2, 'PH-UY 2023'),
(2, 'PH-UY 2033'),
(2, 'PH-UY 2121'),
(2, 'PH-UY 2131'),
(2, 'STS-UY 2144'),
(3, 'CP-UY 2011'),
(3, 'CP-UY 2021'),
(3, 'CS-UY 1114'),
(3, 'EG-UY 1004'),
(3, 'MA-UY 1024'),
(3, 'MA-UY 1124'),
(3, 'MA-UY 2224'),
(3, 'MG-UY 1002'),
(3, 'MG-UY 2014'),
(3, 'MG-UY 2024'),
(3, 'MG-UY 2104'),
(3, 'MG-UY 2204'),
(3, 'MG-UY 2304'),
(3, 'MG-UY 2624'),
(3, 'MG-UY 2701'),
(3, 'MG-UY 3002'),
(3, 'MG-UY 3204'),
(3, 'MG-UY 3214'),
(3, 'MG-UY 3224'),
(3, 'MG-UY 3304'),
(3, 'MG-UY 3404'),
(3, 'MG-UY 4004'),
(3, 'MG-UY 4214'),
(3, 'MG-UY 4404'),
(3, 'MG-UY 4504'),
(3, 'MG-UY 4603'),
(3, 'STS-UY 2144'),
(4, 'BMS-UY 1001'),
(4, 'BMS-UY 1003'),
(4, 'CBE-UY 1002'),
(4, 'CBE-UY 2124'),
(4, 'CBE-UY 2233'),
(4, 'CBE-UY 3153'),
(4, 'CBE-UY 3173'),
(4, 'CBE-UY 3223'),
(4, 'CBE-UY 3233'),
(4, 'CBE-UY 3313'),
(4, 'CBE-UY 3323'),
(4, 'CBE-UY 4113'),
(4, 'CBE-UY 4143'),
(4, 'CBE-UY 4163'),
(4, 'CBE-UY 4213'),
(4, 'CBE-UY 4223'),
(4, 'CBE-UY 4263'),
(4, 'CM-UY 1001'),
(4, 'CM-UY 1003'),
(4, 'CM-UY 2213'),
(4, 'CM-UY 2223'),
(4, 'CM-UY 3714'),
(4, 'EG-UY 1004'),
(4, 'MA-UY 1024'),
(4, 'MA-UY 1124'),
(4, 'MA-UY 2034'),
(4, 'MA-UY 2114'),
(4, 'PH-UY 1013'),
(4, 'PH-UY 2023'),
(4, 'PH-UY 2033'),
(4, 'PH-UY 2121'),
(4, 'PH-UY 2131'),
(5, 'CAM-UY 4504'),
(5, 'CE-UY 1002'),
(5, 'CE-UY 2112'),
(5, 'CE-UY 2122'),
(5, 'CE-UY 2143'),
(5, 'CE-UY 2213'),
(5, 'CE-UY 2343'),
(5, 'CE-UY 2533'),
(5, 'CE-UY 3013'),
(5, 'CE-UY 3153'),
(5, 'CE-UY 3163'),
(5, 'CE-UY 3183'),
(5, 'CE-UY 3223'),
(5, 'CE-UY 3243'),
(5, 'CE-UY 4092'),
(5, 'CE-UY 4803'),
(5, 'CE-UY 4990'),
(5, 'CM-UY 1001'),
(5, 'CM-UY 1003'),
(5, 'CS-UY 1113'),
(5, 'EG-UY 1004'),
(5, 'MA-UY 1024'),
(5, 'MA-UY 1124'),
(5, 'MA-UY 2034'),
(5, 'MA-UY 2224'),
(5, 'PH-UY 1013'),
(5, 'PH-UY 2023'),
(5, 'PH-UY 2033'),
(5, 'PH-UY 2121'),
(5, 'STS-UY 4504'),
(5, 'TCS-UY 4504'),
(5, 'URB-UY 4504'),
(6, 'CS-UY 1114'),
(6, 'CS-UY 1134'),
(6, 'CS-UY 2124'),
(6, 'CS-UY 2204'),
(6, 'CS-UY 2214'),
(6, 'ECE-UY 1002'),
(6, 'ECE-UY 2004'),
(6, 'ECE-UY 2204'),
(6, 'ECE-UY 3114'),
(6, 'ECE-UY 4001'),
(6, 'ECE-UY 4144'),
(6, 'EG-UY 1004'),
(6, 'MA-UY 1024'),
(6, 'MA-UY 1124'),
(6, 'MA-UY 2034'),
(6, 'MA-UY 2114'),
(6, 'MA-UY 2224'),
(6, 'MA-UY 2314'),
(6, 'PH-UY 1013'),
(6, 'PH-UY 2023'),
(6, 'PH-UY 2121'),
(7, 'BMS-UY 1003'),
(7, 'CM-UY 1003'),
(7, 'CM-UY 1013'),
(7, 'CS-UY 1114'),
(7, 'CS-UY 1122'),
(7, 'CS-UY 1134'),
(7, 'CS-UY 2124'),
(7, 'CS-UY 2214'),
(7, 'CS-UY 2413'),
(7, 'CS-UY 3224'),
(7, 'CS-UY 4513'),
(7, 'CS-UY 4523'),
(7, 'EG-UY 1004'),
(7, 'MA-UY 1024'),
(7, 'MA-UY 1124'),
(7, 'MA-UY 2034'),
(7, 'MA-UY 2224'),
(7, 'MA-UY 2314'),
(7, 'PH-UY 1013'),
(7, 'PH-UY 2023'),
(7, 'PH-UY 2033'),
(8, 'CS-UY 1114'),
(8, 'CS-UY 1134'),
(8, 'CS-UY 2124'),
(8, 'CS-UY 2214'),
(8, 'ECE-UY 1002'),
(8, 'ECE-UY 2004'),
(8, 'ECE-UY 2204'),
(8, 'ECE-UY 2233'),
(8, 'ECE-UY 3054'),
(8, 'ECE-UY 3064'),
(8, 'ECE-UY 3114'),
(8, 'ECE-UY 3124'),
(8, 'ECE-UY 3404'),
(8, 'ECE-UY 3604'),
(8, 'ECE-UY 3824'),
(8, 'ECE-UY 4001'),
(8, 'ECE-UY 4144'),
(8, 'EG-UY 1004'),
(8, 'MA-UY 1024'),
(8, 'MA-UY 1124'),
(8, 'MA-UY 2034'),
(8, 'MA-UY 2114'),
(8, 'MA-UY 2224'),
(8, 'MA-UY 2314'),
(8, 'MA-UY 4204'),
(8, 'PH-UY 1013'),
(8, 'PH-UY 2023'),
(8, 'PH-UY 2121'),
(9, 'CS-UY 1114'),
(9, 'CS-UY 1134'),
(9, 'CS-UY 2163'),
(9, 'ECE-UY 1002'),
(9, 'ECE-UY 2004'),
(9, 'ECE-UY 2204'),
(9, 'ECE-UY 2233'),
(9, 'ECE-UY 3054'),
(9, 'ECE-UY 3064'),
(9, 'ECE-UY 3114'),
(9, 'ECE-UY 3124'),
(9, 'ECE-UY 3404'),
(9, 'ECE-UY 3604'),
(9, 'ECE-UY 3824'),
(9, 'ECE-UY 4001'),
(9, 'ECE-UY 4144'),
(9, 'EG-UY 1004'),
(9, 'MA-UY 1024'),
(9, 'MA-UY 1124'),
(9, 'MA-UY 2034'),
(9, 'MA-UY 2114'),
(9, 'MA-UY 4204'),
(9, 'PH-UY 1013'),
(9, 'PH-UY 2023'),
(9, 'PH-UY 2121'),
(10, 'CP-UY 2013'),
(10, 'CS-UY 1114'),
(10, 'DM-UY 1113'),
(10, 'DM-UY 1123'),
(10, 'DM-UY 1133'),
(10, 'DM-UY 1143'),
(10, 'DM-UY 2193'),
(10, 'DM-UY 2263'),
(10, 'DM-UY 4003'),
(10, 'DM-UY 4173'),
(10, 'EG-UY 1001'),
(10, 'MA-UY 1024'),
(10, 'MA-UY 2414'),
(10, 'MD-UY 2314'),
(10, 'PH-UY 1213'),
(10, 'PH-UY 1223'),
(11, 'CBE-UY 1002'),
(11, 'CBE-UY 2124'),
(11, 'CBE-UY 3153'),
(11, 'CBE-UY 3313'),
(11, 'CBE-UY 3323'),
(11, 'CE-UY 2133'),
(11, 'CE-UY 2213'),
(11, 'CE-UY 2343'),
(11, 'CE-UY 3133'),
(11, 'CM-UY 1001'),
(11, 'CM-UY 1003'),
(11, 'CS-UY 1114'),
(11, 'CS-UY 1134'),
(11, 'CS-UY 2124'),
(11, 'CS-UY 2204'),
(11, 'CS-UY 2413'),
(11, 'ECE-UY 3054'),
(11, 'ECE-UY 3114'),
(11, 'ECE-UY 3124'),
(11, 'ECE-UY 4144'),
(11, 'MA-UY 1024'),
(11, 'MA-UY 1044'),
(11, 'MA-UY 1124'),
(11, 'MA-UY 2114'),
(11, 'MA-UY 2514'),
(11, 'MA-UY 3014'),
(11, 'MA-UY 3054'),
(11, 'MA-UY 3514'),
(11, 'MA-UY 4114'),
(11, 'MA-UY 4204'),
(11, 'MA-UY 4254'),
(11, 'MA-UY 4414'),
(11, 'MA-UY 4424'),
(11, 'MA-UY 4434'),
(11, 'MA-UY 4444'),
(11, 'MA-UY 4524'),
(11, 'MA-UY 4614'),
(11, 'MA-UY 4644'),
(11, 'ME-UY 2213'),
(11, 'ME-UY 2813'),
(11, 'ME-UY 3213'),
(11, 'ME-UY 3313'),
(11, 'ME-UY 3333'),
(11, 'ME-UY 3811'),
(11, 'PH-UY 1013'),
(11, 'PH-UY 2023'),
(11, 'PH-UY 2033'),
(11, 'PH-UY 2121'),
(11, 'PH-UY 2131'),
(11, 'ROB-UY 2004'),
(11, 'ROB-UY 3203'),
(11, 'ROB-UY 3303'),
(11, 'ROB-UY 3404'),
(13, 'AE-UY 4603'),
(13, 'AE-UY 4613'),
(13, 'AE-UY 4633'),
(13, 'AE-UY 4653'),
(13, 'CM-UY 1001'),
(13, 'CM-UY 1003'),
(13, 'CS-UY 1113'),
(13, 'EG-UY 1004'),
(13, 'MA-UY 1024'),
(13, 'MA-UY 1124'),
(13, 'MA-UY 2034'),
(13, 'MA-UY 2114'),
(13, 'ME-UY 1012'),
(13, 'ME-UY 2123'),
(13, 'ME-UY 2213'),
(13, 'ME-UY 2223'),
(13, 'ME-UY 2813'),
(13, 'ME-UY 3213'),
(13, 'ME-UY 3231'),
(13, 'ME-UY 3233'),
(13, 'ME-UY 3313'),
(13, 'ME-UY 3333'),
(13, 'ME-UY 3411'),
(13, 'ME-UY 3413'),
(13, 'ME-UY 3511'),
(13, 'ME-UY 3513'),
(13, 'ME-UY 3811'),
(13, 'ME-UY 4103'),
(13, 'ME-UY 4113'),
(13, 'ME-UY 4214'),
(13, 'ME-UY 4312'),
(13, 'ME-UY 4313'),
(13, 'PH-UY 1013'),
(13, 'PH-UY 2023'),
(13, 'PH-UY 2121');

-- --------------------------------------------------------

--
-- Table structure for table `department`
--

CREATE TABLE `department` (
  `departmentID` varchar(10) NOT NULL,
  `department_name` varchar(500) DEFAULT NULL,
  `url` varchar(255) DEFAULT NULL,
  `schoolID` varchar(10) DEFAULT NULL
) ENGINE=InnoDB DEFAULT CHARSET=utf8mb4 COLLATE=utf8mb4_general_ci;

--
-- Dumping data for table `department`
--

INSERT INTO `department` (`departmentID`, `department_name`, `url`, `schoolID`) VALUES
('AE', 'Aerospace Engineering', 'https://engineering.nyu.edu/academics/departments/aerospace-engineering', 'Y'),
('BMS', 'Biomedical Science', 'https://engineering.nyu.edu/academics/departments/biomedical-engineering', 'Y'),
('CAM', 'Culture Arts and Media', 'https://steinhardt.nyu.edu/academics/programs/culture-arts-media', 'Y'),
('CBE', 'Chemical and Biological Engineering', 'https://engineering.nyu.edu/academics/departments/chemical-and-biological-engineering', 'Y'),
('CE', 'Civil and Urban Engineering', 'https://engineering.nyu.edu/academics/departments/civil-and-urban-engineering', 'Y'),
('CM', 'Chemistry', 'https://as.nyu.edu/departments/chemistry.html', 'Y'),
('CP', 'Co-op Education Program', 'https://engineering.nyu.edu/academics/experiential-learning/co-op', 'Y'),
('CS', 'Computer Science', 'https://engineering.nyu.edu/academics/departments/computer-science', 'Y'),
('DM', 'Integrated Design and Media', 'https://engineering.nyu.edu/academics/departments/integrated-design-and-media', 'Y'),
('ECE', 'Electrical and Computer Engineering', 'https://engineering.nyu.edu/academics/departments/electrical-and-computer-engineering', 'Y'),
('EG', 'General Engineering', 'https://engineering.nyu.edu/academics/departments/general-engineering', 'Y'),
('EX', 'Exam Hour', 'https://engineering.nyu.edu/academics/calendars/final-exam-schedule', 'Y'),
('FIN', 'Finance', 'https://www.stern.nyu.edu/programs-admissions/undergraduate/academics/major-curriculum/finance', 'Y'),
('IS', 'Interdisciplinary Studies', 'https://steinhardt.nyu.edu/academics/programs/interdisciplinary-studies', 'Y'),
('MA', 'Mathematics', 'https://math.nyu.edu/', 'Y'),
('MD', 'Media Studies', 'https://steinhardt.nyu.edu/academics/programs/media-studies', 'Y'),
('ME', 'Mechanical Engineering', 'https://engineering.nyu.edu/academics/departments/mechanical-and-aerospace-engineering', 'Y'),
('MG', 'Management', 'https://www.stern.nyu.edu/programs-admissions/undergraduate/academics/major-curriculum/management', 'Y'),
('PH', 'Physics', 'https://as.nyu.edu/departments/physics.html', 'Y'),
('PHP', 'Prehealth Prep', 'https://as.nyu.edu/student-life/resources/pre-health-advising.html', 'Y'),
('ROB', 'Robotics', 'https://engineering.nyu.edu/research/robotics', 'Y'),
('SL', 'Student Life', 'https://engineering.nyu.edu/current-students/student-life', 'Y'),
('STS', 'Science and Technology', 'https://engineering.nyu.edu/research', 'Y'),
('TCS', 'Technology, Culture and Society ', 'https://steinhardt.nyu.edu/academics/programs/technology-culture-and-society', 'Y'),
('UGA', 'Undergraduate Academics', 'https://engineering.nyu.edu/academics/undergraduate', 'Y'),
('URB', 'Urban Studies', 'https://as.nyu.edu/academics/undergraduate-degree-programs/urban-studies.html', 'Y'),
('VIP', 'Vertically Integrated Project', 'https://engineering.nyu.edu/academics/experiential-learning/vertically-integrated-projects', 'Y');

-- --------------------------------------------------------

--
-- Table structure for table `enrollment`
--

CREATE TABLE `enrollment` (
  `user_id` int(11) NOT NULL,
  `section_id` int(11) NOT NULL
) ENGINE=InnoDB DEFAULT CHARSET=utf8mb4 COLLATE=utf8mb4_general_ci;

--
-- Dumping data for table `enrollment`
--

INSERT INTO `enrollment` (`user_id`, `section_id`) VALUES
(2, 9);

--
-- Triggers `enrollment`
--
DELIMITER $$
CREATE TRIGGER `prevent_time_conflict` BEFORE INSERT ON `enrollment` FOR EACH ROW BEGIN
    DECLARE conflict_count INT;

    SELECT COUNT(*) INTO conflict_count
    FROM enrollment e
    JOIN section s1 ON e.section_id = s1.sectionID
    JOIN class_time ct1 ON s1.timeID = ct1.timeID
    JOIN section s2 ON s2.sectionID = NEW.section_id
    JOIN class_time ct2 ON s2.timeID = ct2.timeID
    WHERE e.user_id = NEW.user_id
      AND (
           -- Check overlapping days
           (ct1.monday AND ct2.monday) OR
           (ct1.tuesday AND ct2.tuesday) OR
           (ct1.wednesday AND ct2.wednesday) OR
           (ct1.thursday AND ct2.thursday) OR
           (ct1.friday AND ct2.friday) OR
           (ct1.saturday AND ct2.saturday) OR
           (ct1.sunday AND ct2.sunday)
          )
      AND (
           -- Check overlapping times
           ct1.time_start < ct2.time_end AND
           ct1.time_end > ct2.time_start
          );

    IF conflict_count > 0 THEN
        SIGNAL SQLSTATE '45000'
        SET MESSAGE_TEXT = 'Schedule conflict: Time overlap with another enrolled class.';
    END IF;
END
$$
DELIMITER ;

-- --------------------------------------------------------

--
-- Table structure for table `hs_course`
--

CREATE TABLE `hs_course` (
  `HSID` varchar(10) NOT NULL,
  `school_name` varchar(500) DEFAULT NULL,
  `credits` int(11) DEFAULT NULL
) ENGINE=InnoDB DEFAULT CHARSET=utf8mb4 COLLATE=utf8mb4_general_ci;

--
-- Dumping data for table `hs_course`
--

INSERT INTO `hs_course` (`HSID`, `school_name`, `credits`) VALUES
('ARTH', 'Art History', 4),
('BIOL', 'Biology', 4),
('CALCA', 'Calculus AB (Score: 5)', 4),
('CALCB4', 'Calculus BC (Score: 4)', 4),
('CALCB8', 'Calculus BC (Score: 5)', 8),
('CHEM', 'Chemistry', 8),
('CHNLC', 'Chinese Language & Culture', 4),
('CSCIA', 'Computer Science A', 4),
('ENLIT', 'English Literature', 4),
('ENVIR', 'Environmental Science', 4),
('EURO', 'European History', 4),
('FRLAN', 'French Language & Culture', 4),
('GOVCP', 'Politics: Comparative Government & Politics', 4),
('GOVUS', 'Politics: US Government & Politics', 4),
('GRLAN', 'German Language & Culture', 4),
('HUMGE', 'Human Geography', 4),
('ITLLC', 'Italian Language & Culture', 4),
('JPNLC', 'Japanese Language & Culture', 4),
('LATLA', 'Latin', 4),
('MACRO', 'Macroeconomics', 4),
('MICRO', 'Microeconomics', 4),
('MUSTH', 'Music Theory', 4),
('PHYSE', 'Physics C - E&M', 3),
('PHYSM', 'Physics C - Mechanics', 3),
('PSYCH', 'Psychology', 4),
('SPNLA', 'Spanish Language & Culture', 4),
('SPNLT', 'Spanish Literature & Culture', 4),
('STATS', 'Statistics', 4),
('USHST', 'United States History', 4),
('WHIST', 'World History', 4);

-- --------------------------------------------------------

--
-- Table structure for table `hs_equivalency`
--

CREATE TABLE `hs_equivalency` (
  `HSID` varchar(10) NOT NULL,
  `courseID` varchar(20) NOT NULL
) ENGINE=InnoDB DEFAULT CHARSET=utf8mb4 COLLATE=utf8mb4_general_ci;

--
-- Dumping data for table `hs_equivalency`
--

INSERT INTO `hs_equivalency` (`HSID`, `courseID`) VALUES
('BIOL', 'BMS-UY 1001'),
('BIOL', 'BMS-UY 1003'),
('CHEM', 'CM-UY 1011'),
('CHEM', 'CM-UY 1013'),
('CHEM', 'CM-UY 1021'),
('CHEM', 'CM-UY 1023'),
('CSCIA', 'CS-UY 1114'),
('CALCA', 'MA-UY 1024'),
('CALCB4', 'MA-UY 1024'),
('CALCB8', 'MA-UY 1124'),
('PHYSM', 'PH-UY 1013'),
('PHYSE', 'PH-UY 2023'),
('ENVIR', 'URB-UY 2334');

-- --------------------------------------------------------

--
-- Table structure for table `professor`
--

CREATE TABLE `professor` (
  `professorID` int(11) NOT NULL,
  `prof_name` varchar(500) DEFAULT NULL,
  `prof_email` varchar(100) DEFAULT NULL
) ENGINE=InnoDB DEFAULT CHARSET=utf8mb4 COLLATE=utf8mb4_general_ci;

--
-- Dumping data for table `professor`
--

INSERT INTO `professor` (`professorID`, `prof_name`, `prof_email`) VALUES
(1, 'James Adams', ''),
(2, 'Tarek Abdoun', 'tarek.abdoun@nyu.edu'),
(3, 'Walid Abou Moussa', 'wam257@nyu.edu'),
(4, 'Amine Mohamed Aboussalah', 'ama10288@nyu.edu'),
(5, 'Rama Adithya Varanasi', 'varanasi.r@nyu.edu'),
(6, 'Abdelaziz Ads', 'aaa865@nyu.edu'),
(7, 'Nehaj Aftab', 'na1648@nyu.edu'),
(8, 'Mahmoud Ahmed', 'mam891@nyu.edu'),
(9, 'Oishi Ahmed', 'oa2160@nyu.edu'),
(10, 'Jasper Ainsworth', 'ja5356@nyu.edu'),
(11, 'Mariela  Alfonzo', 'ma2879@nyu.edu'),
(12, 'Dan Aliotta', 'Dan.Aliotta@nyu.edu'),
(13, 'Hoda Alkhzaimi', 'ha59@nyu.edu'),
(14, 'Sonya N. Allende', 'sna4@nyu.edu'),
(15, 'Marissa Alonzo', 'mea507@nyu.edu'),
(16, 'Greg Aloupis', 'ga67@nyu.edu'),
(17, 'Enas Alsaffadi', 'eba7761@nyu.edu'),
(18, 'Celso Alvarado Jr.', 'ac9497@nyu.edu'),
(19, 'Peter Amato', 'pa54@nyu.edu'),
(20, 'Ed Amoroso', ''),
(21, 'Rosemary Ampuero', 'rea204@nyu.edu'),
(22, 'Joe Anderson', 'ja2950@nyu.edu'),
(23, 'Jason Glen Andrews', 'jga9738@nyu.edu'),
(24, 'Dora Angelaki', 'da93@nyu.edu'),
(25, 'Ahmed Ansari', 'aa7703@nyu.edu'),
(26, 'Robert Antenorcruz', 'rda8@nyu.edu'),
(27, 'Marco Antoniotti', ''),
(28, 'Brian Aoaeh, CFA', ''),
(29, 'Foued Aouchette', 'fa42@nyu.edu'),
(30, 'Francis (Frank) X Apicella', 'fxa2001@nyu.edu'),
(31, 'Jai-La Aponte', 'jma9912@nyu.edu'),
(32, 'Brittany Aranowitz', 'brittany.aranowitz@nyu.edu'),
(33, 'Salim Arfaoui', 'sa6468@nyu.edu'),
(34, 'Andrew Arnold', 'aoa216@nyu.edu'),
(35, 'Stephen Arnold', 'sa1577@nyu.edu'),
(36, 'Boris Aronov', 'boris.aronov@nyu.edu'),
(37, 'Kat Arredondo', 'kva2013@nyu.edu'),
(38, 'Joseph Asante', 'jka9822@nyu.edu'),
(39, 'Pooyan Aslani', 'paslani@nyu.edu'),
(40, 'Mohamed Asran', 'ma7729@nyu.edu'),
(41, 'Mohamad Awada', 'ma9153@nyu.edu'),
(42, 'Eray Aydil', 'aydil@nyu.edu'),
(43, 'Wahidah Aziz', 'wa25@nyu.edu'),
(44, 'Riyadh Baghdadi', 'rb4792@nyu.edu'),
(45, 'Alireza Bahadori', 'alireza.bahadori@nyu.edu'),
(46, 'Brittney Anne Bahlman', 'bab14@nyu.edu'),
(47, 'Shawneece Bailey', 'smbailey@nyu.edu'),
(48, 'Pedro Bailon', 'pedro.bailon@nyu.edu'),
(49, 'Jonathan Bain', 'jon.bain@nyu.edu'),
(50, 'Jona Ballé', 'jona.balle@nyu.edu'),
(51, 'Paulette Bancroft', 'pbancrof@nyu.edu'),
(52, 'Arka Bandyopadhyay', 'apb321@nyu.edu'),
(53, 'Sandra Barbosu', 'sandra.barbosu@nyu.edu'),
(54, 'Paola Bardetti', 'pb141@nyu.edu'),
(55, 'Melissa Barnes', 'mbarnes@nyu.edu'),
(56, 'Rachel Barrerra', ''),
(57, 'Hani Basilious', 'hani@nyu.edu'),
(58, 'Andrew Bates', 'ajb545@nyu.edu'),
(59, 'Mary Ellen Beaudreau', 'meb10019@nyu.edu'),
(60, 'Kurt Becker', 'kurt.becker@nyu.edu'),
(61, 'Rakesh Behera', 'rakesh.behera@nyu.edu'),
(62, 'Sebastian Bellantuono', 'sbellant@nyu.edu'),
(63, 'Rosie Bellini', 'rfb7709@nyu.edu'),
(64, 'Juan Pablo Bello', 'jb2843@nyu.edu'),
(65, 'Robert Benhenni', 'rb5407@nyu.edu'),
(66, 'Joshua Bennett', ''),
(67, 'Jabril Bensedrine', 'jb3432@nyu.edu'),
(68, 'Abdellatif Bentahar', 'ab3500@nyu.edu'),
(69, 'Aaron Bernstein', 'ab3599@nyu.edu'),
(70, 'Marion Bernstein', 'mdb460@nyu.edu'),
(71, 'Jean Alex Berthoumieux', 'jab1004@nyu.edu'),
(72, 'Enrico Bertini', 'enrico.bertini@nyu.edu'),
(73, 'Smiti Bhattacharya', 'sb9547@nyu.edu'),
(74, 'Brian Bikram', 'bb3782@nyu.edu'),
(75, 'Priscella Birchmore', 'priscella.birchmore@nyu.edu'),
(76, 'Emily Black', ''),
(77, 'Beverlyn Blanco', 'beverlynblanco@nyu.edu'),
(78, 'Robert Blauvelt', 'rb3257@nyu.edu'),
(79, 'Barry Blecherman', 'barry.blecherman@nyu.edu'),
(80, 'Stephan Bless', 'sbless@nyu.edu'),
(81, 'Jennifer Bock', 'jennifer.bock@nyu.edu'),
(82, 'Jef D. Boeke', 'Jef.Boeke@nyulangone.org'),
(83, 'JeanCarlo (JC) Bonilla', 'jb3379@nyu.edu'),
(84, 'Joseph Borowiec', 'borowiec@nyu.edu'),
(85, 'Ann Borray', 'ann.borray@nyu.edu'),
(86, 'Pat Bowers', 'pat.bowers@nyu.edu'),
(87, 'Carrie Bowling', 'ccb8@nyu.edu'),
(88, 'Amir Bozorghaddad', 'ahb297@nyu.edu'),
(89, 'Christopher Bradley', 'cb2327@nyu.edu'),
(90, 'Tega Brain', 'brain@nyu.edu'),
(91, 'Adam Brandenburger', 'ab123@nyu.edu'),
(92, 'Mgavi Brathwaite', 'm.brathwaite@nyu.edu'),
(93, 'Fernando Bravo', 'mfb9443@nyu.edu'),
(94, 'Marcelo Bravo Carranco', 'mfb9443@nyu.edu'),
(95, 'Jeff Brenneman', 'jsb790@nyu.edu'),
(96, 'Chrystanyaa Brown', 'chrystanyaa@nyu.edu'),
(97, 'Shaina Brown', 'sb9653@nyu.edu'),
(98, 'Sa\'Haara Bryant', 'sjb728@nyu.edu'),
(99, 'Todd Bryant', 'tjb387@nyu.edu'),
(100, 'Justin Bui', 'justinbui@nyu.edu'),
(101, 'Mike Burgo', 'mb4121@nyu.edu'),
(102, 'Sean Burns', 'sb9069@nyu.edu'),
(103, 'André J. Butler', 'ajbutler@nyu.edu'),
(104, 'William J. Buttigieg', 'wjb4@nyu.edu'),
(105, 'Valerie Cabral', 'vjc1@nyu.edu'),
(106, 'Haogang Cai', 'Haogang.Cai@nyulangone.org'),
(107, 'Nancy Caleb', 'nc48@nyu.edu'),
(108, 'Jaclyn Callery', 'j.callery@nyu.edu'),
(109, 'Joel Caminer', 'joel.caminer@nyu.edu'),
(110, 'Gabriella Cammarata', 'cammarata@nyu.edu'),
(111, 'Michael Campbell', 'mcampbell@nyu.edu'),
(112, 'Matthew Campisi', 'mcampisi@nyu.edu'),
(113, 'Ilkay Can-Standard', 'ic2316@nyu.edu'),
(114, 'Nairen Cao', ''),
(115, 'Nan Cao', 'nan.cao@nyu.edu'),
(116, 'Justin Cappos', 'jcappos@nyu.edu'),
(117, 'Stacey Capps', 'slc10072@nyu.edu'),
(118, 'Jennifer Caraballo', 'jennifer.caraballo@nyu.edu'),
(119, 'Christian Carter', 'ckc8851@nyu.edu'),
(120, 'John Neil Carter', ''),
(121, 'Mark Cartwright', 'mark.cartwright@nyu.edu'),
(122, 'Annie Cassutt', 'jkc9864@nyu.edu'),
(123, 'Alesha Castillo', 'alesha.castillo@nyu.edu'),
(124, 'Victoria Caswell', 'vcc2037@nyu.edu'),
(125, 'Luis Ceferino', ''),
(126, 'Kemal Celik', 'kemal.celik@nyu.edu'),
(127, 'Marwa Chafii', 'marwa.chafii@nyu.edu'),
(128, 'Shukti Chakravarti', 'Shukti.Chakravarti@nyulangone.org'),
(129, 'Praneeth Challagonda', 'psc368@nyu.edu'),
(130, 'Sophie Chalsma', 'sgc308@nyu.edu'),
(131, 'Catherine Chan', 'yc7964@nyu.edu'),
(132, 'Kevin Chan', 'chanc12@nyu.edu'),
(133, 'Sally Chan', 'snc255@nyu.edu'),
(134, 'Vivian Wei Chan', 'wwc235@nyu.edu'),
(135, 'Tricia Chang', 'tml6@nyu.edu'),
(136, 'H. Jonathan Chao', 'chao@nyu.edu'),
(137, 'Kathleen Chao', 'kathleen.chao@nyu.edu'),
(138, 'Megan Charlton', 'mc9632@nyu.edu'),
(139, 'Sam Chasan', 'scc580@nyu.edu'),
(140, 'Holly Chase', 'hc3484@nyu.edu'),
(141, 'Rupak Chatterjee', 'rc5479@nyu.edu'),
(142, 'Kiran Chaudhry', 'kiran.chaudhry@nyu.edu'),
(143, 'Rishabh S. Chauhan', ''),
(144, 'Jay Chen', 'jay.chen@nyu.edu'),
(145, 'Qing Chen', 'qc1049@nyu.edu'),
(146, 'Weiqiang Chen', 'wchen@nyu.edu'),
(147, 'Xiao-Kang Chen', 'xkchen@nyu.edu'),
(148, 'Zhe Chen', 'zhe.chen@nyulangone.org'),
(149, 'Zhibin Chen', 'zc23@nyu.edu'),
(150, 'Karchia Cherry', 'ks198@nyu.edu'),
(151, 'Yi-Jen Chiang', 'chiang@nyu.edu'),
(152, 'Lawrence Chiarelli', 'lchiarelli@nyu.edu'),
(153, 'Joanna Chisolm', 'jdc9970@nyu.edu'),
(154, 'Abhijit Chitnis', 'abhijit.chitnis@nyu.edu'),
(155, 'Peter Chorman', 'pmc12@nyu.edu'),
(156, 'Anna Choromanska', 'ac5455@nyu.edu'),
(157, 'Joseph Chow', 'joseph.chow@nyu.edu'),
(158, 'Saumitra  Chowdhury', 'sc5336@nyu.edu'),
(159, 'Jason C. Chu', ''),
(160, 'Yao Chu', 'ychu@nyu.edu'),
(161, 'David Chudnovsky', ''),
(162, 'Gregory Chudnovsky', ''),
(163, 'Rumi Chunara', 'rumi.chunara@nyu.edu'),
(164, 'Ping-Tsai Chung', 'ptc259@nyu.edu'),
(165, 'Robert Cimarelli', 'rc4544@nyu.edu'),
(166, 'Pasquale Cirillo', ''),
(167, 'Gennadiy Civil', 'gcivil@nyu.edu'),
(168, 'Anthony Clarke', 'ac4417@nyu.edu'),
(169, 'Robert Clauser', ''),
(170, 'Frederic Clerc', 'fc2202@nyu.edu'),
(171, 'John Paul Cleveland', 'jcleveland@nyu.edu'),
(172, 'Richard Clough', 'clougr01@nyu.edu'),
(173, 'Naftali Cohen', 'nyc213@nyu.edu'),
(174, 'Erin Coker', 'ec4474@nyu.edu'),
(175, 'Vaughan Coleman', 'vc37@nyu.edu'),
(176, 'Vincent A. Conte', 'vc746@nyu.edu'),
(177, 'Michael Contos', 'mc5978@nyu.edu'),
(178, 'Racquel V. Cooper', 'racquel@nyu.edu'),
(179, 'Romain Corcolle', 'rc173@nyu.edu'),
(180, 'James Cordista', 'jdc422@nyu.edu'),
(181, 'Frank Corona', 'fpc235@nyu.edu'),
(182, 'Nick Corrigan', 'ncc7265@nyu.edu'),
(183, 'Cory Cottingim', 'cory.cottingim@nyu.edu'),
(184, 'Francesco Crocetti', 'fc2353@nyu.edu'),
(185, 'Divina Cruz-Cadiz', 'dina.cruz@nyu.edu'),
(186, 'Wenqi Cui', 'wenqicui@nyu.edu'),
(187, 'Dariusz Czarkowski', 'dc1677@nyu.edu'),
(188, 'Michael D\'Emic', 'mtd299@nyu.edu'),
(189, 'Kate Danho', 'kld9@nyu.edu'),
(190, 'Mohammed Daqaq', 'mfd6@nyu.edu'),
(191, 'Frank DarConte', 'fd508@nyu.edu'),
(192, 'Chandra Darjatmoko', 'chandra.darjatmoko@nyu.edu'),
(193, 'Nirod Das', 'nkd217@nyu.edu'),
(194, 'Sudip Das', 'sd5830@nyu.edu'),
(195, 'Amanda Daugherty', 'acd9120@nyu.edu'),
(196, 'Khidene David', 'kd1232@nyu.edu'),
(197, 'Tricia Davies', 'pd390@nyu.edu'),
(198, 'Valerie Davis', 'valerie.davis@nyu.edu'),
(199, 'Kristen Day', 'kday@nyu.edu'),
(200, 'Irene de Lázaro', 'irene.delazaro@nyu.edu'),
(201, 'Francisco de Leon', 'fdeleon@nyu.edu'),
(202, 'Carlos J. De Oliveira', 'Carlos.DeOliveira@NYU.edu'),
(203, 'Juan de Pablo', 'TandonDean@nyu.edu'),
(204, 'Partha Debroy', 'pd1214@nyu.edu'),
(205, 'Joy Dellapina', 'jd1621@nyu.edu'),
(206, 'Othniel Denis', 'othniel.denis@nyu.edu'),
(207, 'Peter DePasquale', 'peter.depasquale@nyu.edu'),
(208, 'Charles DeVore', 'cdevore@nyu.edu'),
(209, 'Ratan Dey', 'ratan@nyu.edu'),
(210, 'Anita Dhir', 'atd1@nyu.edu'),
(211, 'Shivani Dhir', 'shivani.dhir@nyu.edu'),
(212, 'John Di Bartolo', 'john.dibartolo@nyu.edu'),
(213, 'Giovanni Di Crescenzo', 'gdc258@nyu.edu'),
(214, 'Ali Diabat', 'Diabat@nyu.edu'),
(215, 'Carmen Diaz', 'cdiaz@nyu.edu'),
(216, 'Cassandra Diaz-Allen', 'cda297@nyu.edu'),
(217, 'Maria Dikun', 'md5563@nyu.edu'),
(218, 'Chris DiMauro', 'cd1148@nyu.edu'),
(219, 'Fatou Diop', 'fd2329@nyu.edu'),
(220, 'Stephen Dishart', 'skd8538@nyu.edu'),
(221, 'Sam Dix', 'sam.dix@nyu.edu'),
(222, 'Nicholas DiZinno', 'dizinno@nyu.edu'),
(223, 'Gregory Dobler', 'gd825@nyu.edu'),
(224, 'Mrityunjay Doddamani', ''),
(225, 'Brendan Dolan-Gavitt', 'brendandg@nyu.edu'),
(226, 'Patricia Donohue', 'pat.donohue@nyu.edu'),
(227, 'Graham Dove', 'gd64@nyu.edu'),
(228, 'Jada Draffin', 'jd5090@nyu.edu'),
(229, 'Cristina-Ioana Dragomir', 'cd3095@nyu.edu'),
(230, 'Michael Driscoll', 'mwd238@nyu.edu'),
(231, 'Parijat Dube', 'pd2216@nyu.edu'),
(232, 'R. Luke DuBois', 'dubois@nyu.edu'),
(233, 'Paule A. Dubreuze', 'pad9627@nyu.edu'),
(234, 'De Angela Duff', 'deangela.duff@nyu.edu'),
(235, 'Robert Duffin', 'rtd7504@nyu.edu'),
(236, 'Olga Dulub', 'od316@nyu.edu'),
(237, 'Claudette Dume', 'cd1145@nyu.edu'),
(238, 'Khanh (Michael) Duong', 'qqd9985@nyu.edu'),
(239, 'Ian Dupont', 'id774@nyu.edu'),
(240, 'Aiyana Duviella', 'adk8281@nyu.edu'),
(241, 'Vikram Duvvuri', 'vd47@nyu.edu'),
(242, 'Sita Dwarika', 'sita.dwarika@nyu.edu'),
(243, 'Abigail Dy', 'ad1680@nyu.edu'),
(244, 'Mohamad Eid', 'mae8@nyu.edu'),
(245, 'Roger Eisenhardt', 'rde224@nyu.edu'),
(246, 'Eric Engel', 'ete215@nyu.edu'),
(247, 'Elizabeth Ensweiler', 'elizabeth.ensweiler@nyu.edu'),
(248, 'Jeffrey Epstein', 'jeff.epstein@nyu.edu'),
(249, 'Semiha Ergan', 'semiha@nyu.edu'),
(250, 'Elza Erkip', 'elza@nyu.edu'),
(251, 'Ben Esner', 'ben.esner@nyu.edu'),
(252, 'Jessica Espinoza', 'jne2606@nyu.edu'),
(253, 'Austin Evarts', 'ahe2033@nyu.edu'),
(254, 'Nicole Every', 'nicole.every@nyu.edu'),
(255, 'Cindy Ezcurra-Aguilar', 'cpe2238@nyu.edu'),
(256, 'Rose Faghih', 'rtf3364@nyu.edu'),
(257, 'Craig Fahner', 'cef9489@nyu.edu'),
(258, 'John Falcocchio', 'jfalcocchio@nyu.edu'),
(259, 'Jenny Fan', 'jennyfan@nyu.edu'),
(260, 'Yi Fang', 'yfang@nyu.edu'),
(261, 'Martín Farach-Colton', 'martin.farach-colton@nyu.edu'),
(262, 'Angelica Farin', 'angelica.farin@nyu.edu'),
(263, 'Anne-Laure Fayard', 'alfayard@nyu.edu'),
(264, 'Mariya  Feklistova', 'mariya.feklistova@nyu.edu'),
(265, 'Nathalie Felciai', 'nf2223@nyu.edu'),
(266, 'Chen Feng', 'cfeng@nyu.edu'),
(267, 'Teresa Feroli', 'tmf285@nyu.edu'),
(268, 'Jess Ferrante', 'jaf9753@nyu.edu'),
(269, 'Philip Ferrara', 'pf579@nyu.edu'),
(270, 'Dominick Fickeria', 'djf322@nyu.edu'),
(271, 'Els Fieremans', 'fieree01@nyu.edu'),
(272, 'William Figueroa', 'wf357@nyu.edu'),
(273, 'Emily Fishbaine', 'ejf9476@nyu.edu'),
(274, 'Scott Fitzgerald', 'shf220@nyu.edu'),
(275, 'Adeen Flinker', 'Af137@nyu.edu'),
(276, 'Jonathan Flowers', 'jmf11@nyu.edu'),
(277, 'Mark Flowers', 'mr.flowers@nyu.edu'),
(278, 'David Fogarty', 'djf6@nyu.edu'),
(279, 'David Fouhey', 'david.fouhey@nyu.edu'),
(280, 'Michael Frank', 'mgf9756@nyu.edu'),
(281, 'Roy Freedman', 'roy.freedman@nyu.edu'),
(282, 'Juliana Freire', 'juliana.freire@nyu.edu'),
(283, 'Matthew Frenkel', 'matthew.frenkel@nyu.edu'),
(284, 'Peter Fried', 'pf736@nyu.edu'),
(285, 'Estella Fu', 'yf516@nyu.edu'),
(286, 'Magdalena Fuentes', 'mfuentes@nyu.edu'),
(287, 'Radoslav Fulek', 'rf2701@nyu.edu'),
(288, 'Fraida Fund', 'ffund@nyu.edu'),
(289, 'Andrew Gadzic', 'ag4387@nyu.edu'),
(290, 'Anna Galarza', 'avg5027@nyu.edu'),
(291, 'Jean Gallagher', 'jg2835@nyu.edu'),
(292, 'Joel Gallo', 'jag252@nyu.edu'),
(293, 'Carla Gannis', 'carlagannis@nyu.edu'),
(294, 'Richard L Gant', 'rg61@nyu.edu'),
(295, 'Jingqin Gao', ''),
(296, 'Borja Garcia de Soto', 'garcia.de.soto@nyu.edu'),
(297, 'Susana Garcia-Henriquez', 'sgarcia@nyu.edu'),
(298, 'Kourtney Gardner', 'kg3115@nyu.edu'),
(299, 'Bruce Garetz', 'bgaretz@nyu.edu'),
(300, 'Siddharth Garg', 'sg175@nyu.edu'),
(301, 'Haley Garofalo', 'haley.garofalo@nyu.edu'),
(302, 'Kimberly Garrick', 'kag16@nyu.edu'),
(303, 'Gunter Georgi', 'gunter.georgi@nyu.edu'),
(304, 'Guido Gerig', 'gerig@nyu.edu'),
(305, 'Azin Ghaffary', 'Azin.ghaffary@nyu.edu'),
(306, 'Reza Ghaiumy Anaraky', 'rg4598@nyu.edu'),
(307, 'Masoud Ghandehari', 'masoud@nyu.edu'),
(308, 'Aniket Uday Ghiye', 'aug212@nyu.edu'),
(309, 'Margaret Gibson', 'margaret.gibson@nyu.edu'),
(310, 'Regine Gilbert', 'rg1508@nyu.edu'),
(311, 'Ari Ginsberg', 'aginsber@stern.nyu.edu'),
(312, 'Danya Glabau', 'dag16@nyu.edu'),
(313, 'Ryan Glowacki', 'rtg262@nyu.edu'),
(314, 'Chana Goldberg', 'cmg10155@nyu.edu'),
(315, 'Eli Goldman', 'eng7919@nyu.edu'),
(316, 'Allan B. Goldstein', 'allan.goldstein@nyu.edu'),
(317, 'Bella Goldvug', 'bg905@nyu.edu'),
(318, 'Suzana Gomes', 'sg9438@nyu.edu'),
(319, 'Dan Goncalves', 'cseadvisement@nyu.edu'),
(320, 'Alesha R Gooden', 'arg393@nyu.edu'),
(321, 'Ashwin Goutham Gopi', 'ashwingopir@gmail.com'),
(322, 'Vadim Gordin', ''),
(323, 'Thomas Graham', 'tg67@nyu.edu'),
(324, 'Sara Grant', 'scg1@nyu.edu'),
(325, 'Andrew Green', 'drew.green@nyu.edu'),
(326, 'Wan Green', 'wanda.green@nyu.edu'),
(327, 'Leslie Greengard', 'greengard@cims.nyu.edu'),
(328, 'Rachel Greenstadt', 'greenstadt@nyu.edu'),
(329, 'Nikita Grigoryev', 'nag273@nyu.edu'),
(330, 'Salvatore Grimaldi', 'salvatore.grimaldi@unitus.it'),
(331, 'Erik K. Grimmelmann', ''),
(332, 'Elizabeth Groombridge', 'epg277@nyu.edu'),
(333, 'Jessica Gross', 'jrg496@nyu.edu'),
(334, 'ChengHe Guan', 'chenghe.guan@nyu.edu'),
(335, 'Patrick Guerrier', 'patrick.guerrier@nyu.edu'),
(336, 'Augustin Guibaud', 'a.guibaud@nyu.edu'),
(337, 'Qianru Guo', 'qg2079@nyu.edu'),
(338, 'Nikhil Gupta', 'ngupta@nyu.edu'),
(339, 'Shonali Gupta', 'shonali.gupta@nyu.edu'),
(340, 'Suresh Gupta', 'scg5@nyu.edu'),
(341, 'Stephen Guu', 'syg2020@nyu.edu'),
(342, 'Julien Guyon', 'julien.guyon@nyu.edu'),
(343, 'Andras Gyorgy', 'ag6378@nyu.edu'),
(344, 'Sohmyung Ha', 'sh169@nyu.edu'),
(345, 'Nizar Habash', 'NH48@nyu.edu'),
(346, 'Philip Habib', 'pah308@nyu.edu'),
(347, 'Arezoo Hajesfandiari', 'ah6054@nyu.edu'),
(348, 'Kaitlyn Hanley', 'kth8913@nyu.edu'),
(349, 'Michael Hanna', ''),
(350, 'Nada Haq-Siddiqi', 'nah9422@nyu.edu'),
(351, 'Bonnie Harper', 'beh254@nyu.edu'),
(352, 'Shawn Tina Harrod', 'shawntina.harrod@nyu.edu'),
(353, 'Ryan Hartman', 'ryan.hartman@nyu.edu'),
(354, 'Raed Hashaikeh', ''),
(355, 'Sven Haverkamp', 'sh7373@nyu.edu'),
(356, 'Lindsay Hayes', 'LHayes@nyu.edu'),
(357, 'Aubrey Hays', 'arh9795@nyu.edu'),
(358, 'Chinmay Hegde', 'chinmay.h@nyu.edu'),
(359, 'Manuel Heitor', 'mh6958@nyu.edu'),
(360, 'Lisa Hellerstein', 'lisa.hellerstein@nyu.edu'),
(361, 'Tom Helling', 'tom.helling@nyu.edu'),
(362, 'Elizabeth Hénaff', 'ehenaff@nyu.edu'),
(363, 'Eve Henderson', 'eve.henderson@nyu.edu'),
(364, 'Colby Hepner', 'ch154@nyu.edu'),
(365, 'Susan Hermon', 'shermon@nyu.edu'),
(366, 'Oswaldo Hernandez', 'ohernandez@nyu.edu'),
(367, 'Jeremy Herrera', 'Jeremy.Herrera@nyu.edu'),
(368, 'Laura Hess', 'lh122@nyu.edu'),
(369, 'Meghan Hicks', 'mh2753@nyu.edu'),
(370, 'Andreas H. Hielscher', 'ahh4614@nyu.edu'),
(371, 'Nidal Hilal', 'nidal.hilal@nyu.edu'),
(372, 'Alon Hillel-Tuch', 'ah5647@nyu.edu'),
(373, 'Ben Hoff', ''),
(374, 'Sameera Chukkapalli Holmes', 'sch9839@nyu.edu'),
(375, 'Liam J. Holt', 'Liam.Holt@nyulangone.org'),
(376, 'Bohdan Hoshovsky', 'bh863@nyu.edu'),
(377, 'Karmini Hossain', 'kdh6@nyu.edu'),
(378, 'Mohsen Hossein', 'mhossein@nyu.edu'),
(379, 'Nicole Howe', 'nch284@nyu.edu'),
(380, 'Ivy Hu', 'ivyhu@nyu.edu'),
(381, 'Hillary Hua', 'yh29@nyu.edu'),
(382, 'Danny Yuxing Huang', 'dhuang@nyu.edu'),
(383, 'Hans Huang', 'hhuang@nyu.edu'),
(384, 'Hua Huang', 'mh2510@nyu.edu'),
(385, 'Jenny Huang', 'jh9944@nyu.edu'),
(386, 'Jeffrey A. Hubbell', 'jah9038@nyu.edu'),
(387, 'Benjamin Hughes', 'bh1332@nyu.edu'),
(388, 'Jerry Hultin', 'jerry.hultin@nyu.edu'),
(389, 'Amy Hurst', 'amyhurst@nyu.edu'),
(390, 'John Iacono', 'iacono@nyu.edu'),
(391, 'Kojo Idun', 'ki24@nyu.edu'),
(392, 'Sufian Ikhmeis', 'si605@nyu.edu'),
(393, 'Haley Iliff', 'hmi2014@nyu.edu'),
(394, 'Jason Isenberg', 'ji2097@nyu.edu'),
(395, 'Magued Iskander', 'iskander@nyu.edu'),
(396, 'Andrey Itkin', 'aitkin@nyu.edu'),
(397, 'Shri Iyer', 'shri.iyer@nyu.edu'),
(398, 'Saif Eddin Jabari', 'sej7@nyu.edu'),
(399, 'Margaret (Maggie) Jack', 'mcj1@nyu.edu'),
(400, 'David Steven Jacoby', 'davidsteven@nyu.edu'),
(401, 'Biyu Jade He', ''),
(402, 'Jillian James', 'jjj5@nyu.edu'),
(403, 'Michele James', 'mj911@nyu.edu'),
(404, 'In Suk Jang', 'ij13@nyu.edu'),
(405, 'Samantha Jaser', 'saj283@nyu.edu'),
(406, 'Yona Jean-Pierre', 'yjeanpie@nyu.edu'),
(407, 'Sherly Jean-Thomas', 'sjthomas@nyu.edu'),
(408, 'Zhong-Ping Jiang', 'zjiang@nyu.edu'),
(409, 'Bertha Jimenez', ''),
(410, 'Weihua Jin', 'wjin@nyu.edu'),
(411, 'Tracy Jo Ingram', 'tji219@nyu.edu'),
(412, 'Daniel Johnson', 'djj2026@nyu.edu'),
(413, 'Kimberly M Johnson', 'kmj5@nyu.edu'),
(414, 'Nicole Johnson', 'nicole.johnson@nyu.edu'),
(415, 'Ilan Juran', 'ijuran@nyu.edu'),
(416, 'Viktorya Kagan', 'vk393@nyu.edu'),
(417, 'Delaram Kahrobaei', 'dk2572@nyu.edu'),
(418, 'Tekle W. Kahsay', ''),
(419, 'Andreas Kakolyris', 'ak6938@nyu.edu'),
(420, 'Bruno Kamdem', 'bgk8384@nyu.edu'),
(421, 'Sayomi Kamimoto', 'sk11432@nyu.edu'),
(422, 'Vikram Kapila', 'vkapila@nyu.edu'),
(423, 'Nikolaos Karathanasopoulos', 'n.karathanasopoulos@nyu.edu'),
(424, 'Andreas Karpf', 'abk204@nyu.edu'),
(425, 'Ramesh Karri', 'rkarri@nyu.edu'),
(426, 'Manpreet Katari', 'msk8@nyu.edu'),
(427, 'Nick Katsivelos', ''),
(428, 'Daniel Katz-Braunschweig', 'dkatz@nyu.edu'),
(429, 'Annie Kelly', 'ajk8938@nyu.edu'),
(430, 'Colleen Kelsey', 'ck3478@nyu.edu'),
(431, 'Omar Khair-Eldin', 'oke201@nyu.eu'),
(432, 'Maey Khaled', 'maey.khaled@nyu.edu'),
(433, 'May Khanna', 'mk8363@nyu.edu'),
(434, 'Rajesh Khanna', 'rk4272@nyu.edu'),
(435, 'Farouk Khlifi', ''),
(436, 'Farshad Khorrami', 'khorrami@nyu.edu'),
(437, 'Elaine S. Khuu', 'esk6923@nyu.edu'),
(438, 'Elizabeth Kienle-Granzo', 'ekg241@nyu.edu'),
(439, 'Frances Kim', 'fk2281@nyu.edu'),
(440, 'Jin Ryoun Kim', 'jin.kim@nyu.edu'),
(441, 'Joo H. Kim', 'joo.h.kim@nyu.edu'),
(442, 'Minji Kim', 'minji.kim1@nyu.edu'),
(443, 'Stephen (Hyun) Kim', ''),
(444, 'Tom Kirchner', 'tomkirchner@nyu.edu'),
(445, 'Thorsten Kirsch', 'Thorsten.Kirsch@nyulangone.org'),
(446, 'Michael Knox', 'mikeknox@nyu.edu'),
(447, 'Dimitrios Konstantakos', 'dimitrios.k@nyu.edu'),
(448, 'Constantine Kontokosta', ''),
(449, 'Thanasis Korakis', 'korakis@nyu.edu'),
(450, 'Pawel Korus', ''),
(451, 'Pavel Kots', 'p.kots@nyu.edu'),
(452, 'Jelena Kovačević', 'jelenak@nyu.edu'),
(453, 'Leanna Kowallis', 'leanna.kowallis@nyu.edu'),
(454, 'Andrew Kozak', 'adk380@nyu.edu'),
(455, 'Robert Kramer', 'rk4264@nyu.edu'),
(456, 'Allie Krech', 'alk458@nyu.edu'),
(457, 'Nina Krikorian-Ezik', ''),
(458, 'Prashanth Krishnamurthy', 'prashanth.krishnamurthy@nyu.edu'),
(459, 'Michael Krone', ''),
(460, 'Robert Krueger', ''),
(461, 'Volodymyr Krynytskyy', 'vk579@nyu.edu'),
(462, 'Sunil Kumar', 'sunil.kumar@nyu.edu'),
(463, 'Katsuo Kurabayashi', 'kk5165@nyu.edu'),
(464, 'Steven Kuyan', 'kuyan@nyu.edu'),
(465, 'Elton Kwok', 'eltonkwok@nyu.edu'),
(466, 'Debra Laefer', 'debra.laefer@nyu.edu'),
(467, 'Sudeep Kumar Lahiri', 'skl9848@nyu.edu'),
(468, 'Akhil Lal', 'alal@nyu.edu'),
(469, 'Gad Landau', 'landau@poly.edu'),
(470, 'Tara Lao', 'tlao@nyu.edu'),
(471, 'Riccardo Lattanzi', 'lattar01@nyu.edu'),
(472, 'Mathieu Laurière', 'ml5197@nyu.edu'),
(473, 'Noelle Law', 'ntl2689@nyu.edu'),
(474, 'Sarah Lawson', 'sarah.lawson@nyu.edu'),
(475, 'Jason Le', 'jl7784@nyu.edu'),
(476, 'Yann LeCun', 'yl22@nyu.edu'),
(477, 'Karen Lee', 'kpl222@nyu.edu'),
(478, 'Mark Lee', 'ml4628@nyu.edu'),
(479, 'Sanghoon Lee', 'sh.lee@nyu.edu'),
(480, 'Stephanie Lee', 'sl138@nyu.edu'),
(481, 'David Lefer', 'dlefer@nyu.edu'),
(482, 'Jay Leibowitz', 'jml20@nyu.edu'),
(483, 'Yossi Leon', 'y.leon@nyu.edu'),
(484, 'Brian Lessing', 'brl255@nyu.edu'),
(485, 'Brian R. Lessing', 'brl255@nyu.edu'),
(486, 'Rastislav Levicky', 'rl1306@nyu.edu'),
(487, 'Kalle Levon', 'klevon@nyu.edu'),
(488, 'James Lewis', 'jpl366@nyu.edu'),
(489, 'Keith A. Lewis', 'kal12@nyu.edu'),
(490, 'Shenielle Lewis', 'srl446@nyu.edu'),
(491, 'Peter Li', 'peterli@nyu.edu'),
(492, 'Rui Li', 'rui.li@nyu.edu'),
(493, 'Songting Li', 'sl4457@nyu.edu'),
(494, 'Burton Lieberman', 'burt.lieberman@nyu.edu'),
(495, 'Yuzhang Lin', 'yuzhang.lin@nyu.edu'),
(496, 'Grace Lindsay', 'grace.lindsay@nyu.edu'),
(497, 'Elisa Linsky', 'el1152@nyu.edu'),
(498, 'Paul Eugene Linthorst', 'pl102@nyu.edu'),
(499, 'Timothée Lionnet', 'Timothee.lionnet@nyulangone.org'),
(500, 'Pei Liu', 'peiliu@nyu.edu'),
(501, 'Shizhu Liu', 'shizhuliu@nyu.edu'),
(502, 'Yong Liu', 'yongliu@nyu.edu'),
(503, 'Jaime Llorca', 'jllorca@nyu.edu'),
(504, 'Jamie Lloyd', 'jamie.lloyd@nyu.edu'),
(505, 'Giuseppe Loianno', 'loiannog@nyu.edu'),
(506, 'Frank Lombardi', 'fjl226@nyu.edu'),
(507, 'Gary Lomp', 'gary.lomp@nyu.edu'),
(508, 'Michael Long', ''),
(509, 'Sayar Lonial', 'sayar.lonial@nyu.edu'),
(510, 'Julian A. Lopez', 'jal802@nyu.edu'),
(511, 'J. Lou', 'jjl428@nyu.edu'),
(512, 'Keith Loughlin', 'keith.loughlin@nyu.edu'),
(513, 'Jeffrey Louis-Jean', 'jeffrey.louisjean@nyu.edu'),
(514, 'I-Tai Lu', 'itl211@nyu.edu'),
(515, 'David  Lubling-Kolbow', 'dlk377@nyu.edu'),
(516, 'Caroline Lucy', 'chl6952@nyu.edu'),
(517, 'Lauren Lumbra', 'll4593@nyu.edu'),
(518, 'Jie Luo', 'jl15774@nyu.edu'),
(519, 'Dũng (Dzung) Luong', 'ddl268@nyu.edu'),
(520, 'Deshane Lyew', 'deshane.lyew@nyu.edu'),
(521, 'Zhenwei Lyu', 'zl4558@nyu.edu'),
(522, 'Xiao Ma', 'xm8@nyu.edu'),
(523, 'Samer Madanat', 'samer.madanat@nyu.edu'),
(524, 'Jenelitza Madera', 'jm4452@nyu.edu'),
(525, 'Eric Maiello', 'eric.maiello@nyu.edu'),
(526, 'Phillip Mak', 'pmak@nyu.edu'),
(527, 'Richard Malchow', 'rm2592@nyu.edu'),
(528, 'Abran Maldonado', 'alm527@nyu.edu'),
(529, 'Matthew Maldonato', 'mjm889@nyu.edu'),
(530, 'Dharik Mallapragada', 'dharik.mallapragada@nyu.edu'),
(531, 'Roula Maloof', 'rmaloof@nyu.edu'),
(532, 'Jonathan Mamou', ''),
(533, 'Eugene Stephane Mananga', 'eugene.mananga@nyu.edu'),
(534, 'Edith Mandel', 'em195@nyu.edu'),
(535, 'Shlomo Mandel', 'sm116@nyu.edu'),
(536, 'Michail Maniatakos', 'michail.maniatakos@nyu.edu'),
(537, 'Omar Mansour', ''),
(538, 'Giuseppe Maria de Peppo', 'gmd396@nyu.edu'),
(539, 'Antonio Marinucci', 'am7998@nyu.edu'),
(540, 'Sylvia Marks', 'sylvia.marks@nyu.edu'),
(541, 'Alessandro Marone', ''),
(542, 'Ingrid Marshall', 'ingrid.marshall@nyu.edu'),
(543, 'Amory Martin', 'amorymartin@nyu.edu'),
(544, 'Pamela Martinetti', 'pamela.martinetti@nyu.edu'),
(545, 'Thomas Marzetta', 'tlm8@nyu.edu'),
(546, 'Walker Mask', 'wm2397@nyu.edu'),
(547, 'Sarah Maslov', 'sarah.maslov@nyu.edu'),
(548, 'Samantha Mazzola', 'sbm408@nyu.edu'),
(549, 'Tom Mazzone', 'tm1298@nyu.edu'),
(550, 'Katya McCaffrey', 'km188@nyu.edu'),
(551, 'Mick McConnell', ''),
(552, 'Damon McCoy', 'mccoy@nyu.edu'),
(553, 'Kathleen McDermott', 'kmcdermott@nyu.edu'),
(554, 'John McDevitt', 'mcdevitt@nyu.edu'),
(555, 'Sir Jim McDonald', 'prinicpal@strath.ac.uk'),
(556, 'Michael McGetrick', 'mike.mcgetrick@nyu.edu'),
(557, 'Edwing Medina', 'Edwing.Medina@nyu.edu'),
(558, 'Luciano Medina', 'lmedina@nyu.edu'),
(559, 'Nasir Memon', 'memon@nyu.edu'),
(560, 'Tamir Mendel', 'tm4109@nyu.edu'),
(561, 'Monica Menendez', 'mm9602@nyu.edu'),
(562, 'Frank Meola', 'fm487@nyu.edu'),
(563, 'Roy Messaros', 'rcm9@nyu.edu'),
(564, 'Aric C. Meyer', 'acm7@nyu.edu'),
(565, 'Samantha Micek', 'samantha.micek@nyu.edu'),
(566, 'Randal Milch', ''),
(567, 'Marc Miller', 'msm588@nyu.edu'),
(568, 'Bryanna Milligan', 'bmm11@nyu.edu'),
(569, 'Ehab Mina', 'enm2@nyu.edu'),
(570, 'Lewis Mintzer', 'ljm2102@nyu.edu'),
(571, 'Mohsen  Mirzaei', 'mm5722@nyu.edu'),
(572, 'Mark Mishken', 'mark.mishken@nyu.edu'),
(573, 'Himanshu Mistry', ''),
(574, 'Himanshu Mistry', 'hjm220@nyu.edu'),
(575, 'Tokay Mitchell', 'tm119@nyu.edu'),
(576, 'Yuki Miura', 'yuki.miura@nyu.edu'),
(577, 'Mostafa Mobasher', ''),
(578, 'Alexa Modero', 'amodero@nyu.edu'),
(579, 'Miguel Modestino', 'modestino@nyu.edu'),
(580, 'Cynthia Monsour', 'cmg302@nyu.edu'),
(581, 'Jin Kim Montclare', 'montclare@nyu.edu'),
(582, 'Carmen Montes de Oca', 'cm1823@nyu.edu'),
(583, 'Jordan Moran', 'advocacy.tandonstudentlife@nyu.edu'),
(584, 'Marcel Moran', 'marcel.moran@nyu.edu'),
(585, 'Troy Morgan', 'troy.morgan@nyu.edu'),
(586, 'Joshua Moritz', 'jm161@nyu.edu'),
(587, 'Ian Morlan', 'im2385@nyu.edu'),
(588, 'Arsalan Mosenia', 'am12546@nyu.edu'),
(589, 'Angela Moulton', 'amm9808@nyu.edu'),
(590, 'Pavlos Mourdoukoutas', ''),
(591, 'Mohamed Moustafa', 'mohamed.moustafa@nyu.edu'),
(592, 'Kristine Mudd', 'km5676@nyu.edu'),
(593, 'David Mugglin', 'dmugglin@nyu.edu'),
(594, 'Kate Mulhollem', 'ksm6048@nyu.edu'),
(595, 'Danielle Murphy', 'drm350@nyu.edu'),
(596, 'Chris Musco', ''),
(597, 'Charlie Mydlarz', 'cm3580@nyu.edu'),
(598, 'Benjamin Nachumi', 'ben220@nyu.edu'),
(599, 'Alan Nadler', 'an979@nyu.edu'),
(600, 'Ahmed Nassef', 'anassef@nyu.edu'),
(601, 'Alex Nathanson', ''),
(602, 'Kiren Nayak', 'kkn216@nyu.edu'),
(603, 'Daniel B. Neill', 'daniel.neill@nyu.edu'),
(604, 'Lucas Nelson', 'ln867@nyu.edu'),
(605, 'Elizabeth New', 'en2145@nyu.edu'),
(606, 'Jon Newton', 'jkn5154@nyu.edu'),
(607, 'Michelle Newton', 'men7@nyu.edu'),
(608, 'Christopher Ng', 'cmn10@nyu.edu'),
(609, 'Linda Ng Boyle', 'TandonVDR@nyu.edu'),
(610, 'Nina Nguyen', 'nina.nguyen@nyu.edu'),
(611, 'Matthew Niederhauser', ''),
(612, 'Oded Nov', 'onov@nyu.edu'),
(613, 'Jennifer Novicki', 'jennifer.novicki@nyu.edu'),
(614, 'Frederick Novomestky', ''),
(615, 'Yaw Nyarko', 'yn1@nyu.edu'),
(616, 'Michael O’Neill', 'mjo9012@nyu.edu'),
(617, 'Conall O\'Sullivan', ''),
(618, 'Aspen Olmsted', 'ao56@nyu.edu'),
(619, 'Julia Louise Olson', 'jlo6@nyu.edu'),
(620, 'Jay Om', 'jo729@nyu.edu'),
(621, 'Tore Opsahl', 'tore.opsahl@nyu.edu'),
(622, 'Alethia Orbih', 'ao1173@nyu.edu'),
(623, 'Mayra Ortiz', 'mayra.ortiz@nyu.edu'),
(624, 'John Osborn', 'jo13@nyu.edu'),
(625, 'Robert Otruba', 'ro475@nyu.edu'),
(626, 'Kaan Ozbay', 'kaan.ozbay@nyu.edu'),
(627, 'James (Jim) Paguaga', 'jp2468@nyu.edu'),
(628, 'Joseph Paluck', 'jp5729@nyu.edu'),
(629, 'Marina Panina', 'mp6057@nyu.edu'),
(630, 'Prabodh Panindre', 'prabodh@nyu.edu'),
(631, 'Shivendra Panwar', 'panwar@nyu.edu'),
(632, 'Ingrid Paredes', 'ijparedes@nyu.edu'),
(633, 'Mukul Pareek', 'pareek@nyu.edu'),
(634, 'Melinda Parham', 'mparham@nyu.edu'),
(635, 'Mihir Parikh', 'mihir@nyu.edu'),
(636, 'David Parisi', 'david.parisi@nyu.edu'),
(637, 'Kimberly Parkman', 'kp56@nyu.edu'),
(638, 'Wendi Parson', 'wendi.parson@nyu.edu'),
(639, 'Melissa Parsowith', 'mip9791@nyu.edu'),
(640, 'Jessica Pascual', 'cseadvisement@nyu.edu'),
(641, 'Amit Patel', 'asp13@nyu.edu'),
(642, 'Dhaval Patel', 'dp3256@nyu.edu'),
(643, 'Raman Patel', 'rkp244@nyu.edu'),
(644, 'Manny Patole', 'manny.patole@nyu.edu'),
(645, 'Aristides Patrinos', 'ari.patrinos@nyu.edu'),
(646, 'Zahra Patterson', 'zahra.patterson@nyu.edu'),
(647, 'Sandra Paunksniene', 'sp1694@nyu.edu'),
(648, 'Jerzy Pawlowski', 'jp3900@nyu.edu'),
(649, 'Hammond Pearce', ''),
(650, 'Jacopo Pegoraro', 'jp6924@nyu.edu'),
(651, 'William Peng', 'william.peng@nyu.edu'),
(652, 'Christopher Perez', 'cap9646@nyu.edu'),
(653, 'Janelle Perez', 'janelleperez@nyu.edu'),
(654, 'Stephanie Perez', 'smp9477@nyu.edu'),
(655, 'Gabe Perez-Giz', 'gabe.perezgiz@nyu.edu'),
(656, 'Vladimir Petricevic', 'vp613@nyu.edu'),
(657, 'Georgi Petrov', 'gip1@nyu.edu'),
(658, 'Clara Petta-Gonzalez', 'cpg322@nyu.edu'),
(659, 'Lauren Petty', 'lep200@nyu.edu'),
(660, 'Thomas K. Philips, Ph.D.', ''),
(661, 'Donald Phillips', 'dphillips@nyu.edu'),
(662, 'Benedetta Piantella', 'benedetta.piantella@nyu.edu'),
(663, 'William Pietri', 'wp2168@nyu.edu'),
(664, 'Unnikrishna Pillai', 'pillai@nyu.edu'),
(665, 'David Pine', 'pine@nyu.edu'),
(666, 'Nathalie Pinkerton', 'nathalie.pinkerton@nyu.edu'),
(667, 'Jennifer Piro', 'jennifer.piro@nyu.edu'),
(668, 'Elizabeth Pohl', 'ejp321@nyu.edu'),
(669, 'Christopher Policastro', 'policast@cs.nyu.edu'),
(670, 'Maurizio Porfiri', 'mporfiri@nyu.edu'),
(671, 'Rafail Portnoy', 'rp1912@nyu.edu'),
(672, 'Michael Posner', 'mp3183@nyu.edu'),
(673, 'Elena Prassas', 'eprassas@nyu.edu'),
(674, 'Devon Preston', 'dcp9038@nyu.edu'),
(675, 'Lauren Ptak', 'lauren.ptak@nyu.edu'),
(676, 'Mohammad Qasaimeh', 'maq4@nyu.edu'),
(677, 'Sharon Qi', 'sxq203@nyu.edu'),
(678, 'Disha Rabadia', 'dr3751@nyu.edu'),
(679, 'Abby Rabinowitz', 'afr229@nyu.edu'),
(680, 'Richard Radnay', 'richard.radnay@nyu.edu'),
(681, 'Kazi Rahman', 'kar424@nyu.edu'),
(682, 'Tanzina Rahman', 'tanzina.rahman@nyu.edu'),
(683, 'Hamed Rahmani', 'hamedrahmani@nyu.edu'),
(684, 'William Raisch', 'wgr1@nyu.edu'),
(685, 'Siva Raj Rajagopalan', 'srr355@nyu.edu'),
(686, 'Khalil Ramadi', 'kramadi@nyu.edu'),
(687, 'Isidore Ramkissoon', 'ir454@nyu.edu'),
(688, 'Brianna Ramos', 'br91@nyu.edu'),
(689, 'Liani Ramos', 'liani.ramos@nyu.edu'),
(690, 'Rémi Rampin', 'remi.rampin@nyu.edu'),
(691, 'Sara-Lee Ramsawak', 'slr444@nyu.edu'),
(692, 'Sundeep Rangan', 'srangan@nyu.edu'),
(693, 'Joy Rankin', 'jr5555@nyu.edu'),
(694, 'Bharat Rao', 'bharat.rao@nyu.edu'),
(695, 'Smita Rao', 'Smita.rao@nyu.edu'),
(696, 'Andrew Rapin', 'ajr582@nyu.edu'),
(697, 'Theodore (Ted) S. Rappaport', 'ted.rappaport@nyu.edu'),
(698, 'Abhishek Rathod', 'amr10042@nyu.edu'),
(699, 'Deanna Rayment', 'advocacy.tandonstudentlife@nyu.edu'),
(700, 'Tanzima Razzak', 'tanzima.razzak@nyu.edu'),
(701, 'Brandon Reagen', 'bjr5@nyu.edu'),
(702, 'Thomas Reddington', 'treddington@nyu.edu'),
(703, 'Ingrid Redman', 'iredman@nyu.edu'),
(704, 'Darryl Reeves', 'dreeves@nyu.edu'),
(705, 'Mandar Rege', 'msr462@nyu.edu'),
(706, 'Carlos  Restrepo', 'cer202@nyu.edu'),
(707, 'Vadim Revzin', 'vadimrevzin@nyu.edu'),
(708, 'Nina Rhines', 'nr2889@nyu.edu'),
(709, 'Mari Rich', 'mari.rich@nyu.edu'),
(710, 'Michael Richardson', 'mwrichardson@nyu.edu'),
(711, 'Nicki Richter', 'nkr9884@nyu.edu'),
(712, 'Elisa Riedo', 'elisa.riedo@nyu.edu'),
(713, 'Ludovic Righetti', 'ludovic.righetti@nyu.edu'),
(714, 'Chris Riley', 'cjr10@nyu.edu'),
(715, 'Molly Ritmiller', 'mer497@nyu.edu'),
(716, 'Ray Rivas', 'ray.rivas@nyu.edu'),
(717, 'Julio Rivera', 'jr847@nyu.edu'),
(718, 'John-Ross Rizzo', 'JohnRoss.Rizzo@nyulangone.org'),
(719, 'Julia Robinson-Surry', 'jrs20@nyu.edu'),
(720, 'Patricia A. Rodriguez', 'patricia.rodriguez@nyu.edu'),
(721, 'Jason Röhr', 'jasonrohr@nyu.edu'),
(722, 'Cindy Rom', 'cindy.rom@nyu.edu'),
(723, 'Anne Ronan', 'aronan@nyu.edu'),
(724, 'Beth Rosenberg', 'blr263@nyu.edu'),
(725, 'Keith Ross', 'keithwross@nyu.edu'),
(726, 'Austin Rovinski', 'rovinski@nyu.edu'),
(727, 'Ashkan Rowshanrad', 'ar3425@nyu.edu'),
(728, 'Salvador  Rozenberg', 'sr485@nyu.edu'),
(729, 'Anton Rozhkov', 'ar8843@nyu.edu'),
(730, 'Francisco Rubio', 'francisco.rubio@nyu.edu'),
(731, 'Kelly Ruggles', ''),
(732, 'Steven Ruiz', 'smr686@nyu.edu'),
(733, 'Bridger Ruyle', 'b.ruyle@nyu.edu'),
(734, 'Amanda Jean Ryley', 'ar142@nyu.edu'),
(735, 'Je Ir Ryu', 'jryu@nyu.edu'),
(736, 'Mehak Sachdeva', 'ms15089@nyu.edu'),
(737, 'Iskender Sahin', 'iskender.sahin@nyu.edu'),
(738, 'Ayaskanta Sahu', 'asahu@nyu.edu'),
(739, 'Mina Salib', 'mas1165@nyu.edu'),
(740, 'Luis Sanchez', 'lhs292@nyu.edu'),
(741, 'Gustavo Sandoval', 'gustavo.sandoval@nyu.edu'),
(742, 'Vijayavenkataraman Sanjairaj', 'vs89@nyu.edu'),
(743, 'Abimael (AJ) Sanon', 'as12114@nyu.edu'),
(744, 'Gennaro Sansone', 'gs1344@nyu.edu'),
(745, 'Aysun Sarikardasoglu', 'as10865@nyu.edu'),
(746, 'Shashi Sathaye', 'ss5015@nyu.edu'),
(747, 'Raymond Savino', 'rrs333@nyu.edu'),
(748, 'Tassamai Sawetpibul', 'tassamai.sawetpibul@nyu.edu'),
(749, 'Anna Sawulska', ''),
(750, 'Judd Schechtman', 'judd@nyu.edu'),
(751, 'Lorenzo Schellack', 'lms9992@nyu.edu'),
(752, 'Laura Schlein', 'les524@nyu.edu'),
(753, 'Jonas Schluter', 'schluj05@nyu.edu'),
(754, 'Leah Schmerl', 'leah.schmerl@nyu.edu'),
(755, 'Anatoly Schmidt', ''),
(756, 'Anatoly Schmidt', 'as8098@nyu.edu'),
(757, 'Ravi Schroff', 'ravi.shroff@nyu.edu'),
(758, 'Katharina Schultebraucks', ''),
(759, 'Doris Schultz', 'dhs8@nyu.edu'),
(760, 'Michael Schumacher', 'mjs13@nyu.edu'),
(761, 'Kari Schwartz', 'kari.schwartz@nyu.edu'),
(762, 'Joel Sciascia', 'jsciascia@gmail.com'),
(763, 'Rob Scordino', 'rob.scordino@nyu.edu'),
(764, 'Molly Seeley', 'mhs349@nyu.edu'),
(765, 'William Segal', 'william.segal@nyu.edu'),
(766, 'Adis Sehic', 'as5586@nyu.edu'),
(767, 'Ivan Selesnick', 'iws211@nyu.edu'),
(768, 'Linda Sellie', 'lms578@nyu.edu'),
(769, 'Alexandra Serret', 'as9323@nyu.edu'),
(770, 'Jeremy Seto', 'js8255@nyu.edu'),
(771, 'Shahriar Ahmed Shad', 'ss18328@nyu.edu'),
(772, 'Muhammad Shafique', 'muhammad.shafique@nyu.edu'),
(773, 'Khaled Shahin', 'kos3@nyu.edu'),
(774, 'Davood Shahrjerdi', 'davood@nyu.edu'),
(775, 'Naresh Shakya', 'naresh.shakya@nyu.edu'),
(776, 'Farah Emad Shamout', 'fs999@nyu.edu'),
(777, 'Yanwen Shang', 'ys303@nyu.edu'),
(778, 'Oleg Shargorodskiy', 'os27@nyu.edu'),
(779, 'Shrutivandana Sharma', 'shrutivandana.sharma@nyu.edu'),
(780, 'Michael J. Shelley', ''),
(781, 'Valery Sheverev', 'sheverev@nyu.edu'),
(782, 'David Shimko', 'david.shimko@nyu.edu'),
(783, 'Jennifer Shin', 'jennshin@nyu.edu'),
(784, 'Ilya Shleykov', 'ibs223@nyu.edu'),
(785, 'Shy Shoham', 'Shy.Shoham@nyulangone.org'),
(786, 'Siyka I Shopova', 'sis260@nyu.edu'),
(787, 'Anamika Shreevastava', ''),
(788, 'Sandra Siby', 'sandra.siby@nyu.edu'),
(789, 'Alexey Sidelev', 'avs276@nyu.edu'),
(790, 'Claudio Silva', 'csilva@nyu.edu'),
(791, 'Andrea Silverman', 'andrea.silverman@nyu.edu'),
(792, 'Ozgur Sinanoglu', 'ozgursin@nyu.edu'),
(793, 'Jodie Singh', 'jss19@nyu.edu'),
(794, 'Kevin Siwoff', 'ksiwoff@nyu.edu'),
(795, 'Samantha Skinner', 'ss12430@nyu.edu'),
(796, 'Mark Skwarek', 'mls386@nyu.edu'),
(797, 'Ronald Slivka', 'rs3169@nyu.edu'),
(798, 'Sheldon Smith', 'sheldon.smith@nyu.edu'),
(799, 'Stanislav Sobolevsky', 'sobolevsky@nyu.edu'),
(800, 'Daniel Sodickson', 'daniel.sodickson@nyulangone.org'),
(801, 'Jonathan Soffer', 'jonathan.soffer@nyu.edu'),
(802, 'Gerard Soffian', 'gs1800@nyu.edu'),
(803, 'Christal Somar', 'cs5035@nyu.edu'),
(804, 'Yong-Ak (Rafael) Song', 'ys50@nyu.edu'),
(805, 'Yujing Song', 'Ys6780@nyu.edu'),
(806, 'David Soukup', 'ds2852@nyu.edu'),
(807, 'Rita Leal Sousa', 'rita.sousa@nyu.edu'),
(808, 'Stacey Spears', 'stacey.spears@nyu.edu'),
(809, 'Daniel Speyer', 'ds55@nyu.edu'),
(810, 'Paul Squires', 'ps2937@nyu.edu'),
(811, 'Katepalli Sreenivasan', 'katepalli.sreenivasan@nyu.edu'),
(812, 'Vivek J. Srinivasan', 'Vivek.Srinivasan@nyulangone.org'),
(813, 'Rachael Stark', 'rns203@nyu.edu'),
(814, 'Richard Stein', 'steinr01@nyu.edu'),
(815, 'John Sterling', 'js28@nyu.edu'),
(816, 'Richard Stern', 'rstern@nyu.edu'),
(817, 'Julia Stoyanovich', 'stoyanovich@nyu.edu'),
(818, 'Fred Strauss', 'fred.strauss@nyu.edu'),
(819, 'Kathleen J Stryhal', 'kjs9@nyu.edu'),
(820, 'Hao Su', 'hs5894@nyu.edu'),
(821, 'Torsten Suel', 'torsten.suel@nyu.edu'),
(822, 'Nigar Sultana', 'ns6055@nyu.edu'),
(823, 'Qi Sun', 'qisun@nyu.edu'),
(824, 'Paul Sutton', 'ps1566@nyu.edu'),
(825, 'Amelia Swan', 'as7120@nyu.edu'),
(826, 'Itay Tal', 'itay.tal@nyu.edu'),
(827, 'Mohamad Talas', 'mt1558@nyu.edu'),
(828, 'Nassim Nicholas Taleb', ''),
(829, 'Edward Talisse', 'et2634@nyu.edu'),
(830, 'Samir Taneja', 'Samir.Taneja@nyulangone.org'),
(831, 'Ludovic Tangpi', ''),
(832, 'Edna Taska', 'ednaftaska@nyu.edu'),
(833, 'Leon Tatevossian', 'lt56@nyu.edu'),
(834, 'Paolo Taticchi', 'ptaticch@poly.edu'),
(835, 'Esther Taveras', 'esther.taveras@nyu.edu'),
(836, 'Allison Taylor', 'allison.taylor@nyu.edu'),
(837, 'André Taylor', 'andre.taylor@nyu.edu'),
(838, 'Jeremy Teo', 'jeremy.teo@nyu.edu'),
(839, 'Iwao Teraoka', 'teraoka@nyu.edu'),
(840, 'Ruby Thelot', 'ruby.thelot@nyu.edu'),
(841, 'Cassandra Thiel', 'cassandra.thiel@nyu.edu'),
(842, 'Wendell Thomas', 'wjt1@nyu.edu'),
(843, 'Celine Thompson', 'ct2695@nyu.edu'),
(844, 'Raquel Thompson', 'rct274@nyu.edu'),
(845, 'James Tien', 'james.tien@nyu.edu'),
(846, 'Dylan Tingley', 'det265@nyu.edu'),
(847, 'Vincent Tirolo', 'vt235@nyu.edu'),
(848, 'Julian Togelius', 'julian.togelius@nyu.edu'),
(849, 'Taiwo Togun', ''),
(850, 'Sara Tomeo DeLusant', 'set11@nyu.edu'),
(851, 'Jack Craig Toolin', 'jct327@nyu.edu'),
(852, 'Paul Torrens', 'my.-last.-name@nyu.edu'),
(853, 'Richard Toth', 'rtoth@nyu.edu'),
(854, 'Agnes Tourin', 'atourin@nyu.edu'),
(855, 'Nizar Touzi', 'nt2635@nyu.edu'),
(856, 'Peter Huu Tran', 'pht2@nyu.edu'),
(857, 'David Truong', 'David.Truong@nyu.edu'),
(858, 'Vladimir Tsifrinovich', 'vtsifrin@nyu.edu'),
(859, 'Antonia Maria Tulino', 'atulino@nyu.edu'),
(860, 'Dishita Turakhia', 'd.turakhia@nyu.edu'),
(861, 'Katie Tuss', 'kt2786@nyu.edu'),
(862, 'Anthony Tzes', 'anthony.tzes@nyu.edu'),
(863, 'Jose Ulerio', 'julerio@nyu.edu'),
(864, 'Erdem Varol', 'ev2240@nyu.edu'),
(865, 'Haralambos Vasiliadis', 'hvv206@nyu.edu'),
(866, 'Richard Vecsler', 'rav220@nyu.edu'),
(867, 'Anup Ved', 'anup@nyu.edu'),
(868, 'Ali Vedavarz', 'av820@nyu.edu'),
(869, 'Stefaan Verhulst', 'sv39@nyu.edu'),
(870, 'Daniela Vidal', 'dmv9486@nyu.edu'),
(871, 'Daniel Vignon', 'daniel.vignon@nyu.edu'),
(872, 'Kimberly Villalobos Carballo', 'kv2361@nyu.edu'),
(873, 'Eugene Vinitsky', 'ev2237@nyu.edu'),
(874, 'John Vivolo', 'john.vivolo@nyu.edu'),
(875, 'Huy Vo', 'hvo@poly.edu'),
(876, 'Peter Voltz', 'voltz@nyu.edu'),
(877, 'George Vradis', 'gvradis@nyu.edu'),
(878, 'Tra Vu', 'ttv203@nyu.edu'),
(879, 'Evgeny Vulfson', 'ev494@nyu.edu'),
(880, 'Peter Walker', 'Peter.Walker@nyumc.org'),
(881, 'William T Walker', 'wtw214@nyu.edu'),
(882, 'Angela Wang', 'ycw310@nyu.edu'),
(883, 'Xin Wang', 'mattwang@nyu.edu'),
(884, 'Yao Wang', 'yw523@nyu.edu'),
(885, 'Omar Wani', 'omarwani@nyu.edu'),
(886, 'Hasnain Waris', 'hw59@nyu.edu'),
(887, 'Elizabeth Waters', 'emw7667@nyu.edu'),
(888, 'Edward Watson', 'egw251@nyu.edu'),
(889, 'Hanxue Wei', ''),
(890, 'Edward Weinberger', 'edw2026@nyu.ed'),
(891, 'Shannon Werle', 'sew9391@nyu.edu'),
(892, 'Dan Westervelt', 'dmw5@nyu.edu'),
(893, 'Joshua Wexler', 'jw197@nyu.edu'),
(894, 'Alfonso Whu', 'aw1282@nyu.eu'),
(895, 'Ian Williams', 'imw235@nyu.edu'),
(896, 'Jeannette Alcina Williams', 'jaw555@nyu.edu'),
(897, 'Niall Williams', 'nlw4415@nyu.edu'),
(898, 'Luann Williams-Moore', 'lw2850@nyu.edu'),
(899, 'Teal Willingham', 'tlw6@nyu.edu'),
(900, 'Molly Willis', 'mmw9786@nyu.edu'),
(901, 'Noelle Wilmott', 'nw577@nyu.edu'),
(902, 'John Wilson', 'jxw9875@nyu.edu'),
(903, 'Kenneth Winston', 'kjw241@nyu.edu'),
(904, 'Lukasz Witek', 'lukasz.witek@nyu.edu'),
(905, 'Edward Wong', 'ewong@nyu.edu'),
(906, 'Jenelle Woodrup', 'jenellewoodrup@nyu.edu'),
(907, 'Jolie Woodson', 'jolie.woodson@nyu.edu'),
(908, 'Michael Wosczyna', 'wosczm01@nyu.edu'),
(909, 'Gus Xia', 'gxia@nyu.edu'),
(910, 'Renyuan Xu', 'rx2364@nyu.edu'),
(911, 'Xiao Zhen Amy Xu', 'xzx200@nyu.edu'),
(912, 'Yang Xu', 'yang@nyu.edu'),
(913, 'Takahiro Yabe', 'ty2520@nyu.edu'),
(914, 'Tomoki Yanagi', 'ty2513@nyu.edu'),
(915, 'Bojidar Yanev', 'by363@nyu.edu'),
(916, 'Dongni Yang', 'dy2417@nyu.edu'),
(917, 'Emma Yang', 'ey2252@nyu.edu'),
(918, 'Jason Yarmish', 'yarmish@nyu.edu'),
(919, 'Sunghoon (Sean) Yoo', 'sy4550@nyu.edu'),
(920, 'Anna Yum', 'aly256@nyu.edu'),
(921, 'Nabil W. Zaki', 'nz2518@nyu.edu'),
(922, 'Azhar Zam', 'azhar.zam@nyu.edu'),
(923, 'Stephen Zeng', 'szeng@nyu.edu'),
(924, 'Jeff (Jun) Zhang', ''),
(925, 'Sai Qian Zhang', 'sai.zhang@nyu.edu'),
(926, 'Xin Zhang', 'xz1662@nyu.edu'),
(927, 'Zhaoxi Zhang', 'zhaoxi.zhang@nyu.edu'),
(928, 'Lap San Sandra Zhao', 'lz2786@nyu.edu'),
(929, 'Zhengxue Zhao', 'zz342@nyu.edu'),
(930, 'Mark Zheng', 'cmz1@nyu.edu'),
(931, 'Quanyan Zhu', 'qz494@nyu.edu');

-- --------------------------------------------------------

--
-- Table structure for table `professor_department`
--

CREATE TABLE `professor_department` (
  `professorID` int(11) NOT NULL,
  `departmentID` varchar(100) NOT NULL
) ENGINE=InnoDB DEFAULT CHARSET=utf8mb4 COLLATE=utf8mb4_general_ci;

--
-- Dumping data for table `professor_department`
--

INSERT INTO `professor_department` (`professorID`, `departmentID`) VALUES
(1, 'FIN'),
(4, 'FIN'),
(5, 'STS'),
(7, 'FIN'),
(9, 'FIN'),
(11, 'STS'),
(15, 'FIN'),
(16, 'CS'),
(18, 'STS'),
(20, 'CS'),
(21, 'FIN'),
(22, 'FIN'),
(23, 'FIN'),
(24, 'ME'),
(25, 'STS'),
(26, 'FIN'),
(28, 'STS'),
(30, 'STS'),
(32, 'FIN'),
(33, 'CS'),
(34, 'FIN'),
(36, 'CS'),
(37, 'FIN'),
(40, 'FIN'),
(44, 'CS'),
(46, 'FIN'),
(47, 'FIN'),
(48, 'FIN'),
(49, 'STS'),
(51, 'STS'),
(52, 'FIN'),
(53, 'STS'),
(55, 'FIN'),
(57, 'FIN'),
(60, 'ME'),
(61, 'ME'),
(63, 'CS'),
(64, 'CS'),
(65, 'FIN'),
(67, 'STS'),
(68, 'STS'),
(69, 'CS'),
(71, 'FIN'),
(74, 'STS'),
(75, 'FIN'),
(76, 'CS'),
(79, 'FIN'),
(81, 'FIN'),
(82, 'BMS'),
(83, 'STS'),
(84, 'ME'),
(85, 'CS'),
(86, 'FIN'),
(89, 'STS'),
(90, 'STS'),
(91, 'STS'),
(92, 'BMS'),
(93, 'FIN'),
(96, 'CS'),
(98, 'FIN'),
(99, 'STS'),
(101, 'FIN'),
(102, 'FIN'),
(104, 'STS'),
(105, 'FIN'),
(106, 'BMS'),
(110, 'STS'),
(111, 'FIN'),
(114, 'CS'),
(115, 'CS'),
(116, 'CS'),
(117, 'FIN'),
(119, 'FIN'),
(121, 'CS'),
(123, 'BMS'),
(128, 'BMS'),
(130, 'FIN'),
(131, 'FIN'),
(132, 'BMS'),
(134, 'FIN'),
(137, 'STS'),
(138, 'CS'),
(142, 'CS'),
(144, 'CS'),
(145, 'STS'),
(146, 'BMS'),
(146, 'ME'),
(148, 'BMS'),
(151, 'CS'),
(154, 'CS'),
(163, 'CS'),
(164, 'CS'),
(165, 'CS'),
(166, 'FIN'),
(167, 'CS'),
(168, 'ME'),
(171, 'FIN'),
(172, 'FIN'),
(173, 'STS'),
(174, 'STS'),
(175, 'STS'),
(176, 'STS'),
(178, 'FIN'),
(182, 'STS'),
(185, 'FIN'),
(188, 'STS'),
(190, 'ME'),
(192, 'FIN'),
(195, 'STS'),
(196, 'STS'),
(199, 'STS'),
(200, 'BMS'),
(202, 'STS'),
(206, 'FIN'),
(207, 'CS'),
(209, 'CS'),
(210, 'STS'),
(213, 'CS'),
(215, 'FIN'),
(220, 'STS'),
(221, 'STS'),
(222, 'ME'),
(224, 'ME'),
(225, 'CS'),
(227, 'STS'),
(229, 'STS'),
(230, 'STS'),
(232, 'STS'),
(233, 'CS'),
(233, 'FIN'),
(234, 'STS'),
(237, 'FIN'),
(239, 'CS'),
(240, 'FIN'),
(242, 'FIN'),
(243, 'FIN'),
(245, 'STS'),
(246, 'STS'),
(248, 'CS'),
(249, 'CS'),
(252, 'FIN'),
(253, 'FIN'),
(256, 'BMS'),
(257, 'STS'),
(259, 'STS'),
(261, 'CS'),
(262, 'MA'),
(263, 'STS'),
(264, 'MA'),
(266, 'CS'),
(266, 'ME'),
(267, 'STS'),
(268, 'ME'),
(269, 'STS'),
(271, 'BMS'),
(272, 'FIN'),
(273, 'STS'),
(274, 'STS'),
(275, 'BMS'),
(277, 'FIN'),
(278, 'STS'),
(280, 'FIN'),
(281, 'FIN'),
(282, 'CS'),
(283, 'ME'),
(286, 'STS'),
(287, 'CS'),
(289, 'STS'),
(290, 'FIN'),
(291, 'STS'),
(292, 'STS'),
(293, 'STS'),
(294, 'STS'),
(297, 'CS'),
(301, 'FIN'),
(304, 'BMS'),
(304, 'CS'),
(306, 'STS'),
(308, 'FIN'),
(310, 'STS'),
(311, 'STS'),
(312, 'STS'),
(316, 'STS'),
(318, 'FIN'),
(319, 'CS'),
(321, 'STS'),
(323, 'STS'),
(324, 'STS'),
(325, 'STS'),
(326, 'FIN'),
(328, 'CS'),
(330, 'ME'),
(332, 'MG'),
(335, 'FIN'),
(336, 'ME'),
(338, 'ME'),
(339, 'FIN'),
(340, 'STS'),
(342, 'FIN'),
(343, 'BMS'),
(344, 'BMS'),
(345, 'CS'),
(347, 'ME'),
(349, 'BMS'),
(351, 'FIN'),
(352, 'FIN'),
(354, 'ME'),
(355, 'ME'),
(358, 'CS'),
(360, 'CS'),
(361, 'STS'),
(362, 'STS'),
(363, 'CS'),
(364, 'FIN'),
(366, 'FIN'),
(367, 'CS'),
(369, 'FIN'),
(370, 'BMS'),
(372, 'CS'),
(373, 'FIN'),
(374, 'STS'),
(375, 'BMS'),
(376, 'STS'),
(380, 'STS'),
(381, 'FIN'),
(382, 'CS'),
(383, 'FIN'),
(384, 'FIN'),
(389, 'STS'),
(390, 'CS'),
(392, 'STS'),
(393, 'STS'),
(394, 'FIN'),
(396, 'FIN'),
(399, 'STS'),
(400, 'STS'),
(401, 'BMS'),
(409, 'STS'),
(413, 'MG'),
(414, 'FIN'),
(414, 'STS'),
(414, 'UGA'),
(416, 'FIN'),
(417, 'CS'),
(419, 'STS'),
(420, 'FIN'),
(421, 'ME'),
(422, 'ME'),
(423, 'ME'),
(424, 'FIN'),
(424, 'ME'),
(428, 'CS'),
(432, 'FIN'),
(435, 'FIN'),
(437, 'STS'),
(439, 'STS'),
(441, 'ME'),
(443, 'BMS'),
(445, 'BMS'),
(450, 'CS'),
(459, 'CS'),
(460, 'CS'),
(461, 'FIN'),
(462, 'ME'),
(463, 'BMS'),
(463, 'ME'),
(464, 'STS'),
(465, 'STS'),
(467, 'FIN'),
(469, 'CS'),
(470, 'FIN'),
(472, 'FIN'),
(473, 'CS'),
(474, 'CS'),
(475, 'FIN'),
(477, 'FIN'),
(478, 'STS'),
(479, 'ME'),
(481, 'FIN'),
(483, 'STS'),
(484, 'FIN'),
(485, 'FIN'),
(488, 'STS'),
(489, 'FIN'),
(490, 'FIN'),
(491, 'FIN'),
(492, 'FIN'),
(494, 'MA'),
(498, 'STS'),
(499, 'BMS'),
(501, 'STS'),
(504, 'FIN'),
(508, 'BMS'),
(509, 'FIN'),
(512, 'FIN'),
(513, 'FIN'),
(516, 'FIN'),
(518, 'FIN'),
(519, 'ME'),
(521, 'STS'),
(522, 'BMS'),
(524, 'FIN'),
(525, 'STS'),
(526, 'CS'),
(534, 'FIN'),
(535, 'FIN'),
(537, 'CS'),
(540, 'STS'),
(541, 'BMS'),
(542, 'FIN'),
(546, 'FIN'),
(547, 'ME'),
(549, 'STS'),
(552, 'CS'),
(553, 'STS'),
(556, 'STS'),
(557, 'MG'),
(558, 'MA'),
(559, 'CS'),
(560, 'STS'),
(564, 'STS'),
(567, 'STS'),
(568, 'FIN'),
(572, 'STS'),
(576, 'ME'),
(577, 'ME'),
(582, 'FIN'),
(583, 'SL'),
(586, 'STS'),
(587, 'CS'),
(587, 'FIN'),
(590, 'STS'),
(592, 'STS'),
(596, 'CS'),
(599, 'STS'),
(600, 'FIN'),
(601, 'STS'),
(606, 'STS'),
(608, 'FIN'),
(609, 'FIN'),
(609, 'STS'),
(610, 'FIN'),
(612, 'STS'),
(613, 'FIN'),
(614, 'FIN'),
(615, 'STS'),
(616, 'FIN'),
(617, 'FIN'),
(618, 'CS'),
(619, 'STS'),
(621, 'FIN'),
(622, 'FIN'),
(627, 'STS'),
(630, 'ME'),
(632, 'FIN'),
(633, 'STS'),
(634, 'FIN'),
(634, 'UGA'),
(635, 'STS'),
(636, 'STS'),
(640, 'CS'),
(642, 'STS'),
(646, 'FIN'),
(647, 'FIN'),
(648, 'FIN'),
(651, 'ME'),
(652, 'FIN'),
(653, 'FIN'),
(654, 'FIN'),
(658, 'BMS'),
(660, 'FIN'),
(661, 'STS'),
(662, 'STS'),
(663, 'CS'),
(667, 'FIN'),
(669, 'STS'),
(670, 'BMS'),
(670, 'ME'),
(671, 'CS'),
(672, 'STS'),
(676, 'BMS'),
(676, 'ME'),
(679, 'STS'),
(680, 'FIN'),
(681, 'STS'),
(685, 'CS'),
(686, 'BMS'),
(687, 'FIN'),
(691, 'FIN'),
(693, 'STS'),
(694, 'STS'),
(695, 'BMS'),
(699, 'FIN'),
(700, 'STS'),
(701, 'CS'),
(702, 'CS'),
(704, 'CS'),
(707, 'STS'),
(708, 'FIN'),
(713, 'ME'),
(714, 'FIN'),
(717, 'FIN'),
(718, 'BMS'),
(718, 'ME'),
(721, 'FIN'),
(722, 'FIN'),
(724, 'STS'),
(725, 'CS'),
(730, 'FIN'),
(731, 'BMS'),
(732, 'BMS'),
(735, 'ME'),
(737, 'ME'),
(741, 'CS'),
(742, 'ME'),
(743, 'FIN'),
(746, 'STS'),
(748, 'FIN'),
(750, 'STS'),
(753, 'BMS'),
(755, 'FIN'),
(758, 'BMS'),
(759, 'FIN'),
(760, 'STS'),
(761, 'CS'),
(765, 'FIN'),
(765, 'STS'),
(767, 'BMS'),
(768, 'CS'),
(769, 'FIN'),
(771, 'FIN'),
(776, 'BMS'),
(776, 'CS'),
(777, 'FIN'),
(778, 'ME'),
(779, 'STS'),
(780, 'ME'),
(782, 'FIN'),
(783, 'STS'),
(785, 'BMS'),
(787, 'ME'),
(788, 'CS'),
(790, 'CS'),
(794, 'STS'),
(795, 'STS'),
(796, 'STS'),
(797, 'FIN'),
(800, 'BMS'),
(801, 'STS'),
(803, 'FIN'),
(804, 'BMS'),
(806, 'STS'),
(809, 'ME'),
(810, 'STS'),
(812, 'BMS'),
(813, 'STS'),
(815, 'CS'),
(817, 'CS'),
(818, 'CS'),
(819, 'FIN'),
(820, 'BMS'),
(821, 'CS'),
(822, 'STS'),
(823, 'CS'),
(824, 'ME'),
(826, 'CS'),
(828, 'FIN'),
(829, 'STS'),
(830, 'BMS'),
(831, 'FIN'),
(832, 'ME'),
(833, 'FIN'),
(835, 'FIN'),
(836, 'FIN'),
(838, 'BMS'),
(838, 'ME'),
(845, 'FIN'),
(846, 'CS'),
(848, 'CS'),
(850, 'FIN'),
(851, 'STS'),
(852, 'CS'),
(854, 'FIN'),
(855, 'FIN'),
(857, 'BMS'),
(860, 'CS'),
(861, 'FIN'),
(864, 'CS'),
(867, 'FIN'),
(868, 'ME'),
(870, 'FIN'),
(872, 'STS'),
(873, 'CS'),
(875, 'CS'),
(876, 'FIN'),
(877, 'ME'),
(880, 'ME'),
(881, 'STS'),
(884, 'BMS'),
(884, 'FIN'),
(886, 'FIN'),
(888, 'STS'),
(890, 'FIN'),
(896, 'FIN'),
(897, 'CS'),
(899, 'FIN'),
(900, 'FIN'),
(902, 'STS'),
(903, 'FIN'),
(904, 'BMS'),
(905, 'CS'),
(906, 'STS'),
(907, 'FIN'),
(908, 'BMS'),
(909, 'CS'),
(910, 'FIN'),
(911, 'FIN'),
(913, 'STS'),
(914, 'BMS'),
(917, 'FIN'),
(918, 'FIN'),
(919, 'FIN'),
(921, 'FIN'),
(922, 'BMS'),
(923, 'FIN'),
(926, 'FIN'),
(928, 'FIN'),
(930, 'FIN');

-- --------------------------------------------------------

--
-- Table structure for table `school`
--

CREATE TABLE `school` (
  `schoolID` varchar(10) NOT NULL,
  `school_name` varchar(200) DEFAULT NULL
) ENGINE=InnoDB DEFAULT CHARSET=utf8mb4 COLLATE=utf8mb4_general_ci;

--
-- Dumping data for table `school`
--

INSERT INTO `school` (`schoolID`, `school_name`) VALUES
('A', 'College of Arts and Sciences'),
('B', 'Stern'),
('C', 'Professional Studies'),
('D', 'Dentistry'),
('E', 'Steinhardt'),
('F', 'Liberal Studies'),
('G', 'Gallatin'),
('H', 'Abu Dhabi'),
('N', 'Nursing'),
('P', 'Wagner'),
('S', 'Silver Social Work'),
('SHU', 'Shanghai'),
('T', 'Tisch School of the Arts'),
('U', 'GPB'),
('Y', 'Tandon School of Engineering'),
('Z', 'Opportunity Programs');

-- --------------------------------------------------------

--
-- Table structure for table `section`
--

CREATE TABLE `section` (
  `sectionID` int(11) NOT NULL,
  `courseID` varchar(20) DEFAULT NULL,
  `section_name` varchar(500) DEFAULT NULL,
  `dates` varchar(30) DEFAULT NULL,
  `timeID` int(11) DEFAULT NULL,
  `classroomID` int(11) DEFAULT NULL,
  `professorID` int(11) DEFAULT NULL
) ENGINE=InnoDB DEFAULT CHARSET=utf8mb4 COLLATE=utf8mb4_general_ci;

--
-- Dumping data for table `section`
--

INSERT INTO `section` (`sectionID`, `courseID`, `section_name`, `dates`, `timeID`, `classroomID`, `professorID`) VALUES
(8, 'CBE-UY 4113', 'B', '09/02/2025 - 12/11/2025', 13, 4, 883),
(9, 'CBE-UY 4113', 'C', '09/02/2025 - 12/11/2025', 14, 4, 353),
(129, 'ECE-UY 2004', 'BLEC', '09/02/2025 - 12/11/2025', 40, 3, 446),
(140, 'ECE-UY 2204', 'LEC', '09/02/2025 - 12/11/2025', 32, 6, 425),
(141, 'CS-UY 2204', 'ALAB', '09/02/2025 - 12/11/2025', 30, 7, 425),
(142, 'ECE-UY 2204', 'ALAB', '09/02/2025 - 12/11/2025', 30, 7, 425),
(143, 'ECE-UY 2204', 'BLAB', '09/02/2025 - 12/11/2025', 28, 7, 425),
(144, 'CS-UY 2204', 'BLAB', '09/02/2025 - 12/11/2025', 28, 7, 425),
(145, 'CS-UY 2204', 'CLAB', '09/02/2025 - 12/11/2025', 31, 7, 425),
(146, 'ECE-UY 2204', 'CLAB', '09/02/2025 - 12/11/2025', 31, 7, 425),
(147, 'ECE-UY 2204', 'DLAB', '09/02/2025 - 12/11/2025', 29, 7, 425),
(148, 'CS-UY 2204', 'DLAB', '09/02/2025 - 12/11/2025', 29, 7, 425),
(150, 'ECE-UY 3054', 'LAB', '09/02/2025 - 12/11/2025', 31, 10, 545),
(166, 'ECE-UY 4183', 'ALAB', '09/02/2025 - 12/11/2025', 47, 15, 446),
(167, 'ECE-UY 4183', 'BLAB', '09/02/2025 - 12/11/2025', 53, 15, 446),
(475, 'PH-UY 1013', 'A2LC', '09/02/2025 - 12/11/2025', 15, 25, 858),
(477, 'PH-UY 1013', 'A3LC', '09/02/2025 - 12/11/2025', 15, 25, 858),
(479, 'PH-UY 1013', 'A4LC', '09/02/2025 - 12/11/2025', 15, 25, 858),
(487, 'PH-UY 1013', 'C1LC', '09/02/2025 - 12/11/2025', 38, 27, 593),
(489, 'PH-UY 1013', 'C2LC', '09/02/2025 - 12/11/2025', 38, 27, 593),
(491, 'PH-UY 1013', 'C3LC', '09/02/2025 - 12/11/2025', 38, 27, 593),
(494, 'PH-UY 1213', 'BLEC', '09/02/2025 - 12/11/2025', 10, 11, 212),
(501, 'PH-UY 2023', 'B1LC', '09/02/2025 - 12/11/2025', 5, 25, 593),
(503, 'PH-UY 2023', 'B2LC', '09/02/2025 - 12/11/2025', 5, 25, 593),
(505, 'PH-UY 2023', 'B3LC', '09/02/2025 - 12/11/2025', 5, 25, 593),
(507, 'PH-UY 2023', 'C1LC', '09/02/2025 - 12/11/2025', 6, 5, 141),
(509, 'PH-UY 2023', 'C2LC', '09/02/2025 - 12/11/2025', 6, 5, 141),
(511, 'PH-UY 2023', 'C3LC', '09/02/2025 - 12/11/2025', 6, 5, 141),
(513, 'PH-UY 2023', 'D1LC', '09/02/2025 - 12/11/2025', 7, 25, 241),
(515, 'PH-UY 2023', 'D2LC', '09/02/2025 - 12/11/2025', 7, 25, 241),
(517, 'PH-UY 2023', 'D3LC', '09/02/2025 - 12/11/2025', 7, 25, 241),
(526, 'PH-UY 2023', 'B1LC', '09/02/2025 - 12/11/2025', 5, 25, 593),
(528, 'PH-UY 2023', 'B2LC', '09/02/2025 - 12/11/2025', 5, 25, 593),
(530, 'PH-UY 2023', 'B3LC', '09/02/2025 - 12/11/2025', 5, 25, 593),
(532, 'PH-UY 2023', 'C1LC', '09/02/2025 - 12/11/2025', 6, 5, 141),
(534, 'PH-UY 2023', 'C2LC', '09/02/2025 - 12/11/2025', 6, 5, 141),
(536, 'PH-UY 2023', 'C3LC', '09/02/2025 - 12/11/2025', 6, 5, 141),
(538, 'PH-UY 2023', 'D1LC', '09/02/2025 - 12/11/2025', 7, 25, 241),
(540, 'PH-UY 2023', 'D2LC', '09/02/2025 - 12/11/2025', 7, 25, 241),
(542, 'PH-UY 2023', 'D3LC', '09/02/2025 - 12/11/2025', 7, 25, 241),
(551, 'PH-UY 2033', 'B1LC', '09/02/2025 - 12/11/2025', 9, 5, 858),
(553, 'PH-UY 2033', 'B2LC', '09/02/2025 - 12/11/2025', 9, 5, 858),
(555, 'PH-UY 2033', 'B3LC', '09/02/2025 - 12/11/2025', 9, 5, 858),
(562, 'PH-UY 2033', 'B1LC', '09/02/2025 - 12/11/2025', 9, 5, 858),
(564, 'PH-UY 2033', 'B2LC', '09/02/2025 - 12/11/2025', 9, 5, 858),
(566, 'PH-UY 2033', 'B3LC', '09/02/2025 - 12/11/2025', 9, 5, 858),
(614, 'MA-UY 3604', 'A', '09/02/2025 - 12/11/2025', 4, 17, 241);

-- --------------------------------------------------------

--
-- Table structure for table `user`
--

CREATE TABLE `user` (
  `user_id` int(11) NOT NULL,
  `username` varchar(255) DEFAULT NULL,
  `password` varchar(20) DEFAULT NULL
) ENGINE=InnoDB DEFAULT CHARSET=utf8mb4 COLLATE=utf8mb4_general_ci;

--
-- Dumping data for table `user`
--

INSERT INTO `user` (`user_id`, `username`, `password`) VALUES
(1, 'john_doe', 'chicken'),
(2, 'jane_smith', 'chicken'),
(3, 'alice_johnson', 'chicken'),
(4, 'bob_williams', 'chicken'),
(5, 'eva_brown', 'chicken'),
(6, 'michael_davis', 'chicken'),
(7, 'olivia_miller', 'chicken'),
(8, 'william_wilson', 'chicken'),
(9, 'sophia_moore', 'chicken'),
(10, 'james_taylor', 'chicken'),
(11, 'isabella_anderson', 'chicken'),
(12, 'benjamin_thomas', 'chicken'),
(13, 'mia_jackson', 'chicken'),
(14, 'jacob_white', 'chicken'),
(15, 'charlotte_harris', 'chicken');

-- --------------------------------------------------------

--
-- Table structure for table `users`
--

CREATE TABLE `users` (
  `user_id` int(11) NOT NULL,
  `username` varchar(100) NOT NULL,
  `password` char(41) NOT NULL,
  `role` enum('student','faculty') NOT NULL
) ENGINE=InnoDB DEFAULT CHARSET=utf8mb4 COLLATE=utf8mb4_general_ci;

--
-- Dumping data for table `users`
--

INSERT INTO `users` (`user_id`, `username`, `password`, `role`) VALUES
(1, 'f', '1', 'student'),
(2, 'kks', '', 'student'),
(3, 'arf', '', 'student'),
(4, 'rf', '', 'student'),
(5, 'wtf', '', 'student'),
(6, 'patbob123', '', 'student'),
(7, 'arf123', '', 'student'),
(8, 'arf12345', '', 'student'),
(9, 'patty', '', 'student');

--
-- Indexes for dumped tables
--

--
-- Indexes for table `campus`
--
ALTER TABLE `campus`
  ADD PRIMARY KEY (`campusID`);

--
-- Indexes for table `classroom`
--
ALTER TABLE `classroom`
  ADD PRIMARY KEY (`classroomID`);

--
-- Indexes for table `class_time`
--
ALTER TABLE `class_time`
  ADD PRIMARY KEY (`timeID`);

--
-- Indexes for table `courses`
--
ALTER TABLE `courses`
  ADD PRIMARY KEY (`courseID`),
  ADD KEY `departmentID` (`departmentID`);

--
-- Indexes for table `course_campus`
--
ALTER TABLE `course_campus`
  ADD PRIMARY KEY (`campusID`,`courseID`),
  ADD KEY `courseID` (`courseID`);

--
-- Indexes for table `degree`
--
ALTER TABLE `degree`
  ADD PRIMARY KEY (`degreeID`),
  ADD KEY `schoolID` (`schoolID`);

--
-- Indexes for table `degree_requirements`
--
ALTER TABLE `degree_requirements`
  ADD PRIMARY KEY (`degreeID`,`courseID`),
  ADD KEY `courseID` (`courseID`);

--
-- Indexes for table `department`
--
ALTER TABLE `department`
  ADD PRIMARY KEY (`departmentID`),
  ADD KEY `schoolID` (`schoolID`);

--
-- Indexes for table `enrollment`
--
ALTER TABLE `enrollment`
  ADD PRIMARY KEY (`user_id`,`section_id`),
  ADD KEY `section_id` (`section_id`);

--
-- Indexes for table `hs_course`
--
ALTER TABLE `hs_course`
  ADD PRIMARY KEY (`HSID`);

--
-- Indexes for table `hs_equivalency`
--
ALTER TABLE `hs_equivalency`
  ADD PRIMARY KEY (`courseID`,`HSID`),
  ADD KEY `HSID` (`HSID`);

--
-- Indexes for table `professor`
--
ALTER TABLE `professor`
  ADD PRIMARY KEY (`professorID`);

--
-- Indexes for table `professor_department`
--
ALTER TABLE `professor_department`
  ADD PRIMARY KEY (`professorID`,`departmentID`),
  ADD KEY `departmentID` (`departmentID`);

--
-- Indexes for table `school`
--
ALTER TABLE `school`
  ADD PRIMARY KEY (`schoolID`);

--
-- Indexes for table `section`
--
ALTER TABLE `section`
  ADD PRIMARY KEY (`sectionID`),
  ADD KEY `courseID` (`courseID`),
  ADD KEY `professorID` (`professorID`),
  ADD KEY `timeID` (`timeID`),
  ADD KEY `classroomID` (`classroomID`);

--
-- Indexes for table `user`
--
ALTER TABLE `user`
  ADD PRIMARY KEY (`user_id`);

--
-- Indexes for table `users`
--
ALTER TABLE `users`
  ADD PRIMARY KEY (`user_id`),
  ADD UNIQUE KEY `username` (`username`);

--
-- AUTO_INCREMENT for dumped tables
--

--
-- AUTO_INCREMENT for table `users`
--
ALTER TABLE `users`
  MODIFY `user_id` int(11) NOT NULL AUTO_INCREMENT, AUTO_INCREMENT=10;

--
-- Constraints for dumped tables
--

--
-- Constraints for table `courses`
--
ALTER TABLE `courses`
  ADD CONSTRAINT `courses_ibfk_1` FOREIGN KEY (`departmentID`) REFERENCES `department` (`departmentID`);

--
-- Constraints for table `course_campus`
--
ALTER TABLE `course_campus`
  ADD CONSTRAINT `course_campus_ibfk_1` FOREIGN KEY (`campusID`) REFERENCES `campus` (`campusID`),
  ADD CONSTRAINT `course_campus_ibfk_2` FOREIGN KEY (`courseID`) REFERENCES `courses` (`courseID`);

--
-- Constraints for table `degree`
--
ALTER TABLE `degree`
  ADD CONSTRAINT `degree_ibfk_1` FOREIGN KEY (`schoolID`) REFERENCES `school` (`schoolID`);

--
-- Constraints for table `degree_requirements`
--
ALTER TABLE `degree_requirements`
  ADD CONSTRAINT `degree_requirements_ibfk_1` FOREIGN KEY (`degreeID`) REFERENCES `degree` (`degreeID`),
  ADD CONSTRAINT `degree_requirements_ibfk_2` FOREIGN KEY (`courseID`) REFERENCES `courses` (`courseID`);

--
-- Constraints for table `department`
--
ALTER TABLE `department`
  ADD CONSTRAINT `department_ibfk_1` FOREIGN KEY (`schoolID`) REFERENCES `school` (`schoolID`);

--
-- Constraints for table `enrollment`
--
ALTER TABLE `enrollment`
  ADD CONSTRAINT `enrollment_ibfk_1` FOREIGN KEY (`user_id`) REFERENCES `users` (`user_id`) ON DELETE CASCADE,
  ADD CONSTRAINT `enrollment_ibfk_2` FOREIGN KEY (`section_id`) REFERENCES `section` (`sectionID`) ON DELETE CASCADE;

--
-- Constraints for table `hs_equivalency`
--
ALTER TABLE `hs_equivalency`
  ADD CONSTRAINT `hs_equivalency_ibfk_1` FOREIGN KEY (`HSID`) REFERENCES `hs_course` (`HSID`),
  ADD CONSTRAINT `hs_equivalency_ibfk_2` FOREIGN KEY (`courseID`) REFERENCES `courses` (`courseID`);

--
-- Constraints for table `professor_department`
--
ALTER TABLE `professor_department`
  ADD CONSTRAINT `professor_department_ibfk_1` FOREIGN KEY (`professorID`) REFERENCES `professor` (`professorID`),
  ADD CONSTRAINT `professor_department_ibfk_2` FOREIGN KEY (`departmentID`) REFERENCES `department` (`departmentID`);

--
-- Constraints for table `section`
--
ALTER TABLE `section`
  ADD CONSTRAINT `section_ibfk_1` FOREIGN KEY (`courseID`) REFERENCES `courses` (`courseID`),
  ADD CONSTRAINT `section_ibfk_2` FOREIGN KEY (`professorID`) REFERENCES `professor` (`professorID`),
  ADD CONSTRAINT `section_ibfk_3` FOREIGN KEY (`timeID`) REFERENCES `class_time` (`timeID`),
  ADD CONSTRAINT `section_ibfk_4` FOREIGN KEY (`classroomID`) REFERENCES `classroom` (`classroomID`);
COMMIT;

/*!40101 SET CHARACTER_SET_CLIENT=@OLD_CHARACTER_SET_CLIENT */;
/*!40101 SET CHARACTER_SET_RESULTS=@OLD_CHARACTER_SET_RESULTS */;
/*!40101 SET COLLATION_CONNECTION=@OLD_COLLATION_CONNECTION */;
